mission_id,real_arrival_km,real_arrival_time,speed,arrival_time,cluster
2022061976,26.1,15,105.87,38.82,1
2022061974,34.7,26,101.21,39.92,1
2022061932,28.5,20,106.23,53.02,1
2022061924,27.6,18,65.9,30.63,1
2022061891,25.4,17,102.44,48.67,1
2022061880,33,22,97.24,36.77,1
2022061873,23.8,16,92.67,30.4,1
2022061872,27,18,103.52,43.17,1
2022061796,20,13,107.78,34.6,1
2022061783,27.5,20,96,37.62,1
2022061757,27.9,19,91.96,39.23,1
2022061715,19,13,103.6,38.42,1
2022061672,22.3,16,106.92,45.35,1
2022061628,29.4,18,109.99,44.58,1
2022061564,27.6,16,101.43,39.68,1
2022061534,16.5,20,94.71,33.4,1
2022061528,30.3,17,100.27,28.73,1
2022061470,27.4,19,100.11,30.15,1
2022061446,30.5,21,98.1,34.87,1
2022061444,27.2,16,105.86,49.27,1
2022061372,28.2,19,99.2,45.08,1
2022061369,19.1,16,95.85,33.7,1
2022061319,27,19,101.38,38.48,1
2022061307,32.2,20,105.23,33.3,1
2022061301,34.1,22,103.78,45.17,1
2022061292,23.4,16,94.12,32.22,1
2022061280,18.4,15,93.06,33.08,1
2022061272,31.2,20,99.76,44.22,1
2022061260,30.1,24,106.59,30.12,1
2022061212,21.5,14,104.62,35.17,1
2022061210,19.8,13,105.44,43.92,1
2022061198,21.1,14,101,30.85,1
2022061192,21.9,16,102.31,35.95,1
2022061174,23.2,22,101.02,33.83,1
2022061153,14.6,10,100.64,32.47,1
2022061132,25.7,22,104.64,37,1
2022061093,24.5,16,94.32,51.42,1
2022061092,23.8,19,101.84,34.22,1
2022061089,20.3,19,97.45,47.93,1
2022061063,30.9,21,104.08,35.37,1
2022061039,22.8,14,99.44,31.05,1
2022060982,27.9,17,103.69,37.98,1
2022060975,20.5,18,102.93,33.87,1
2022060955,31.8,24,100.04,35.72,1
2022060950,29.6,19,102.5,43.23,1
2022060946,28.7,17,102.59,29.47,1
2022060926,24.5,17,101.53,33.07,1
2022060910,31.9,20,98.61,40.85,1
2022060900,27.7,18,97.72,41.33,1
2022060899,26.8,18,98.62,40.87,1
2022060882,27.1,25,104.19,38.38,1
2022060866,33,22,98.4,39.97,1
2022060854,33,24,92.09,38.65,1
2022060852,25.4,17,100.76,43.33,1
2022060828,18,13,100.38,31.75,1
2022060792,22.3,16,102.86,38.48,1
2022060769,30.5,24,101.76,31.58,1
2022060735,27.1,23,98.33,38.32,1
2022060692,26.8,19,97.36,35.13,1
2022060688,20.3,12,96.38,34.95,1
2022060686,21.8,16,101.26,32.48,1
2022060680,17.3,15,97.89,41.17,1
2022060678,18.8,13,103.69,38.08,1
2022060669,32.2,22,101.72,44.95,1
2022060650,26.9,20,99.17,32.3,1
2022060634,18.9,14,103.96,38.95,1
2022060612,20.4,12,99.33,44.75,1
2022060581,16.9,16,96.74,33.83,1
2022060511,35.6,22,104.4,45.33,1
2022060510,28.6,22,97,42.32,1
2022060502,23.6,16,101.74,44.75,1
2022060489,21.1,22,107.7,33,1
2022060465,27,18,71.74,35.1,1
2022060442,26.6,22,97.24,29.25,1
2022060415,23.7,19,97.1,43.13,1
2022060414,27.4,18,93.2,41.53,1
2022060407,28.6,19,94.49,30.42,1
2022060393,29.7,20,98.91,38.88,1
2022060392,27.4,18,102.03,29.57,1
2022060383,18.2,19,97.3,38.67,1
2022060373,27.7,19,91.55,44.55,1
2022060371,20.5,13,98.84,35.48,1
2022060359,32.8,24,101.81,52.32,1
2022060346,15.6,10,97.76,33.72,1
2022060334,29.8,23,103.84,31.82,1
2022060328,32.4,22,97.44,36,1
2022060302,29.6,20,105.22,31.23,1
2022060273,20.7,22,105.89,32.65,1
2022060261,16.4,20,103.45,32.03,1
2022060260,33,22,101.35,37.93,1
2022060196,26.4,18,108.15,29.97,1
2022060177,29.8,21,104.68,37.4,1
2022060172,22.3,23,95.99,35.32,1
2022060152,23.7,25,102.79,37.38,1
2022060127,23.4,19,93.61,31.3,1
2022060110,27.7,24,102.2,34.58,1
2022060104,17.6,13,103.34,39.4,1
2022060102,26.6,27,104.63,34.32,1
2022060100,30.9,18,104.47,30.02,1
2022060080,28.4,18,93.74,38.5,1
2022060076,17.7,22,103.26,31.88,1
2022060067,17.8,12,107.17,35.85,1
2022060058,26.5,18,102.2,53.05,1
2022060032,19.5,23,101.59,45.98,1
2022060024,26.7,16,97.11,35.12,1
2022060021,21.4,23,100.27,30.8,1
2022060010,31,28,104.02,35.77,1
2022051869,20.4,16,97.41,30.97,1
2022051833,36,23,96.75,46.43,1
2022051832,28.9,20,100.72,38.77,1
2022051809,22.3,16,103.7,37.18,1
2022051791,29.8,19,99.91,30.35,1
2022051790,28.4,18,103.62,39.97,1
2022051773,22.3,16,104.53,36.42,1
2022051763,18.1,12,100.9,35.62,1
2022051733,27.5,20,104.12,35.77,1
2022051710,29.3,19,104.22,37.48,1
2022051664,30.8,22,99.69,33.03,1
2022051643,28.2,21,102.3,33.38,1
2022051639,17.1,15,96.83,34.63,1
2022051588,32.9,25,87.21,36.07,1
2022051540,24.1,15,96.41,31.5,1
2022051518,18.3,12,104.23,42.9,1
2022051501,23.3,19,99.45,41.03,1
2022051471,26.1,18,96.92,56.43,1
2022051451,33.4,26,84.04,37.07,1
2022051434,29.9,20,100.94,48.3,1
2022051413,27,28,90.31,56.83,1
2022051407,30.6,23,96,33.72,1
2022051404,26.9,21,102.25,32.17,1
2022051370,20.9,15,91.76,32.77,1
2022051366,24.2,17,103.59,32.07,1
2022051360,26.1,18,100.76,37.73,1
2022051350,29.8,20,100.37,30.2,1
2022051342,25.1,18,102.17,41.27,1
2022051330,21.7,19,83.56,31.52,1
2022051321,27.9,19,109.26,39.53,1
2022051320,31.5,19,101.91,42.07,1
2022051299,22.9,16,104.15,31.48,1
2022051262,20.2,12,99.59,32.08,1
2022051257,31.1,28,103.37,51.42,1
2022051241,28.2,21,98.92,38.87,1
2022051232,29.1,19,105.1,54.88,1
2022051227,30.7,20,97.96,36.15,1
2022051219,31.8,21,96.01,37.82,1
2022051204,27.1,26,104.09,35.62,1
2022051195,26,16,111.39,35.83,1
2022051189,27.1,23,96.52,35.38,1
2022051184,31.4,20,101.7,32.72,1
2022051172,24.3,17,105.87,40.48,1
2022051150,29,27,103.68,32.75,1
2022051117,25.4,20,101.96,43.02,1
2022051115,22.6,24,100.28,36.88,1
2022051098,31,22,96.2,30.28,1
2022051096,29.1,27,103.78,32.48,1
2022051093,17.4,23,98.56,36.05,1
2022051091,32.2,24,103.81,39.5,1
2022051046,29.8,23,97.42,40.55,1
2022051045,26.1,25,104.21,31.37,1
2022051037,18.4,13,87.78,41.37,1
2022051030,24.8,27,96.77,35.53,1
2022051017,30.5,20,103.6,49.68,1
2022051016,28.9,19,103.74,45.48,1
2022051011,28.9,19,97.35,39.12,1
2022050999,26.8,19,98.41,29.65,1
2022050990,31.6,21,104.66,38.03,1
2022050970,20.7,13,57.54,39.22,1
2022050913,30.2,28,94.55,49.58,1
2022050905,28,19,96.83,40.18,1
2022050887,27.4,18,93.84,35.98,1
2022050796,31.1,21,96.44,49.35,1
2022050787,21.7,14,104.49,43.7,1
2022050783,15.4,10,91.59,32.98,1
2022050764,20.3,14,105.46,33.43,1
2022050745,25.9,25,97.58,45.8,1
2022050743,15.3,19,99.26,35.5,1
2022050716,16.5,11,101.39,38.07,1
2022050698,26.1,18,93.58,44.62,1
2022050687,21.3,16,102.97,34.3,1
2022050685,18.8,13,107.8,38.48,1
2022050670,17.3,13,101.61,32.08,1
2022050645,18.5,13,103.44,44.3,1
2022050642,24.2,18,106.17,36.13,1
2022050627,20.1,19,106.61,33.55,1
2022050625,27.8,17,102.18,41.25,1
2022050622,16.7,11,105.24,37.43,1
2022050604,26,17,99.57,40.45,1
2022050588,25.3,16,104.89,46.03,1
2022050584,19.6,14,92.73,31.7,1
2022050568,24.5,21,97.85,30.52,1
2022050537,22.3,15,94.78,39.83,1
2022050536,22.3,16,107.52,38.38,1
2022050527,25.9,20,106.39,55.33,1
2022050514,24.1,18,103.38,43.18,1
2022050479,27.3,18,105.4,37.03,1
2022050464,26.3,23,97.84,41.33,1
2022050441,17,12,99.96,34.77,1
2022050416,29,20,101.18,38.68,1
2022050392,17,12,93.67,32.13,1
2022050375,24.8,22,102.28,40.43,1
2022050368,28.6,21,95.81,34.65,1
2022050348,27,18,105.14,43.28,1
2022050292,27.1,16,98.97,32.67,1
2022050287,27.1,17,103.82,33.15,1
2022050263,21.5,14,102.12,35.17,1
2022050256,25.6,16,108.34,34.78,1
2022050250,21.2,17,98.78,38.1,1
2022050247,20.5,13,104.95,40.95,1
2022050228,22.3,16,104.31,40.03,1
2022050208,31.5,21,97.95,46.17,1
2022050191,37.4,26,103.41,46.62,1
2022050179,20.4,15,96.93,37.82,1
2022050176,17.8,13,104.19,34.4,1
2022050158,28.7,19,99.19,46.32,1
2022050115,17.5,13,104.76,32.27,1
2022050050,18.4,19,101.2,34.65,1
2022050020,31,20,90.6,34.77,1
2022041960,19.8,24,92.7,33.27,1
2022041948,26.2,25,105.2,31.95,1
2022041915,26.5,18,108.17,51.85,1
2022041885,27.2,17,103.53,30.58,1
2022041870,24.9,20,98.99,48.85,1
2022041843,18.8,13,101.86,33.33,1
2022041794,22.4,16,102.42,31.22,1
2022041791,33.6,25,101.98,49.27,1
2022041789,19.1,17,98.36,38.3,1
2022041767,20.2,14,100.27,43.98,1
2022041760,31,22,99.87,32.77,1
2022041739,22.9,18,100.52,36.17,1
2022041728,24.8,27,106.19,33.87,1
2022041712,29.9,20,95.01,32.45,1
2022041711,29,21,97.52,30.17,1
2022041698,29.5,20,105.61,32.9,1
2022041694,23.4,23,102.38,35.93,1
2022041677,21,16,101.24,32.55,1
2022041659,22.5,15,95.99,35.87,1
2022041658,23.7,16,96.02,40.05,1
2022041621,22.1,15,91.25,32.98,1
2022041609,25.1,24,101.31,39.85,1
2022041606,25.9,30,99.92,51.65,1
2022041544,29,20,107.88,44.78,1
2022041527,20,14,100.26,46.8,1
2022041526,32.3,21,101.55,37.32,1
2022041485,21.2,14,44.14,39.78,1
2022041438,24,25,103.12,41.52,1
2022041432,25.3,25,107.18,34.97,1
2022041406,24.6,15,103.52,56.42,1
2022041405,22.6,17,104.1,51.28,1
2022041401,15.3,13,95.74,33.9,1
2022041397,31.3,21,100.82,44.47,1
2022041323,22.3,16,100.58,34.57,1
2022041309,29.7,27,100.15,35.83,1
2022041302,15.4,12,98.49,35.88,1
2022041263,31.4,21,102,39.12,1
2022041252,30.8,22,101.86,29.93,1
2022041186,31.2,21,96.13,34.38,1
2022041143,26.8,21,104.56,34.57,1
2022041126,17.6,21,99.86,34.95,1
2022041119,34.8,23,45.96,44.1,1
2022041116,26.3,16,103.79,31.55,1
2022041089,29.1,19,92.98,29.62,1
2022041087,18,25,103.22,35.4,1
2022041074,29.4,19,102.14,53.62,1
2022041064,17.8,12,103.47,41.03,1
2022041062,30.7,20,99.81,31.82,1
2022041028,28.5,17,102.03,52.83,1
2022041024,25.9,19,92.22,29.77,1
2022041018,29.7,18,104.34,31.62,1
2022041008,18.4,14,94.89,39.07,1
2022040988,15.7,10,102.56,32.58,1
2022040973,17.8,20,106.12,35.78,1
2022040930,24.5,24,102.46,34.85,1
2022040859,32.5,21,108.61,41.48,1
2022040848,29.6,20,107.14,38.38,1
2022040841,19.1,21,109.6,33.93,1
2022040828,17.8,21,100.59,32.55,1
2022040807,32.2,24,99.86,42.6,1
2022040804,14.8,10,103.51,33.93,1
2022040784,32.7,26,99.94,45.35,1
2022040742,27.7,18,90.29,40.33,1
2022040733,29.6,23,101.26,31.05,1
2022040714,25.5,18,105.02,41.65,1
2022040712,31.5,28,102.59,33.9,1
2022040686,24.5,17,99.62,55.8,1
2022040667,22.3,16,110.02,32.37,1
2022040639,29.8,22,97.91,31.2,1
2022040617,37.2,24,102,48.15,1
2022040589,27.1,23,103.16,32.55,1
2022040567,18.2,18,101.49,41.03,1
2022040553,29.6,23,102.64,39.45,1
2022040535,22.3,13,107.23,32.83,1
2022040518,19.9,13,92.09,39.75,1
2022040501,24.5,16,101.61,33.2,1
2022040490,19.2,13,102.5,31.85,1
2022040469,19.1,11,105.8,32.32,1
2022040449,30,20,102.4,34.17,1
2022040440,16.4,20,109.58,32.03,1
2022040403,26.4,16,57.95,42.38,1
2022040278,28.9,23,106.78,40.77,1
2022040257,20.3,18,90.97,31.08,1
2022040187,26.4,18,95.55,51.38,1
2022040186,28.4,20,96.05,49.2,1
2022040184,23.4,17,34.55,31.27,1
2022040170,36,24,83.78,46.95,1
2022040169,22.4,16,90.12,39.67,1
2022040148,32.5,22,93.23,51.58,1
2022040144,32.4,22,94.78,40.37,1
2022040139,31.6,22,45.77,41.75,1
2022040089,15.7,11,91.48,33.03,1
2022040078,25.2,19,96.43,30.1,1
2022040075,27.8,17,42.75,30.63,1
2022040074,22.3,14,106.81,39.07,1
2022040059,35.7,23,104.18,45.45,1
2022040049,20.8,16,98.81,37.37,1
2022031816,20,13,105.85,32.62,1
2022031807,25.8,24,101.27,42.55,1
2022031764,22.1,13,98.07,35.52,1
2022031756,37,22,106.7,48.5,1
2022031753,16.1,11,102.62,36.12,1
2022031750,20.3,17,104.85,41.65,1
2022031734,25.2,17,98.02,35.03,1
2022031725,25,16,97.32,34.45,1
2022031701,28.6,22,94.62,28.93,1
2022031692,32,21,101.15,37.47,1
2022031610,29.1,20,95.44,36.35,1
2022031609,27.8,19,94.71,28.98,1
2022031608,27.4,20,93.92,31.57,1
2022031607,29.9,20,89.63,32.38,1
2022031587,31.8,24,98.79,32.78,1
2022031523,25,19,105.19,35.65,1
2022031506,27.5,21,101.9,34.92,1
2022031470,28.6,22,90.07,40.75,1
2022031400,28.2,26,103.35,56.93,1
2022031393,17.8,19,102.47,33,1
2022031385,22.3,15,85.62,31.25,1
2022031384,21.3,16,104.04,46.35,1
2022031342,22,15,84.37,31.03,1
2022031330,14.8,11,93.9,33.5,1
2022031291,23.4,17,93.69,33.75,1
2022031269,25.2,21,102.07,37.12,1
2022031254,28.2,21,90.82,55,1
2022031237,24.3,17,100.03,33.17,1
2022031235,25.8,20,100.63,38.92,1
2022031223,26.9,16,109.43,29.25,1
2022031214,28.6,21,96.9,30.13,1
2022031213,17.1,11,100.84,34.97,1
2022031201,28.2,19,100.41,33.05,1
2022031175,23.4,16,101.53,33.02,1
2022031159,28.5,20,106.76,36.6,1
2022031107,26.8,21,109.52,36.25,1
2022031083,17,12,96.35,33.1,1
2022031036,26.5,18,107.49,36.4,1
2022031014,27.9,17,38.87,33.28,1
2022030996,18.8,13,105.07,35.93,1
2022030975,17.5,13,99.06,35.82,1
2022030931,27.2,18,101.29,43.73,1
2022030927,23,16,96.89,36.65,1
2022030919,23.2,18,84.45,32.82,1
2022030855,22.8,15,105.83,37.43,1
2022030838,24.8,17,77.06,41.05,1
2022030817,25.2,19,98.73,45.32,1
2022030813,27.3,21,100.69,50.25,1
2022030808,32.6,19,99.26,37,1
2022030787,27.8,19,101.72,42.82,1
2022030773,30.8,28,101.91,45.17,1
2022030764,17.4,13,99.79,34.33,1
2022030751,22.3,17,105.77,31.45,1
2022030690,19.1,13,102.46,37.67,1
2022030660,28,19,87.59,35.12,1
2022030653,16.9,16,100.36,37,1
2022030650,15.8,20,102.09,36.82,1
2022030632,21.1,22,104.61,36.05,1
2022030596,29.8,23,98.16,32.92,1
2022030573,29.7,26,108.05,34.02,1
2022030546,18.6,14,109.02,37.77,1
2022030544,20.5,17,100.67,37.72,1
2022030543,26.2,21,100.59,42.37,1
2022030530,29.6,18,102.58,48.53,1
2022030486,23.6,16,105.65,47.45,1
2022030451,28,17,101.86,42.62,1
2022030424,27.1,23,100.53,35.53,1
2022030409,34.7,22,102.52,46.05,1
2022030373,21,18,104.14,48.22,1
2022030360,26.6,21,100.83,33.68,1
2022030355,22.6,15,99.12,33,1
2022030340,30.8,23,98.15,30.05,1
2022030323,22,15,75.17,42.67,1
2022030291,23.5,16,94.93,36.2,1
2022030259,23.2,22,103.07,47.03,1
2022030220,28.5,20,101.78,47.37,1
2022030207,27.4,19,95.78,37.75,1
2022030179,22.4,17,111.64,32.62,1
2022030178,22.4,15,105.7,31.48,1
2022030130,19.5,15,100.03,34.27,1
2022030124,29.8,18,106.27,29.37,1
2022030105,27.8,18,106.83,30.73,1
2022030094,37.3,23,99.08,47.62,1
2022030084,18.2,19,39.63,36.68,1
2022030080,26.5,18,102.57,45.4,1
2022021811,20.1,12,94.36,38.63,1
2022021780,35.2,24,99.37,48.47,1
2022021649,22.5,19,97.39,38.25,1
2022021574,25.1,15,106.02,38.87,1
2022021573,19.6,19,102.16,35.03,1
2022021549,30.5,19,100.97,32.57,1
2022021528,25.5,18,85.24,54.07,1
2022021527,28.2,17,103.07,30.95,1
2022021522,22.4,16,97.47,48.05,1
2022021515,29.9,22,100.48,28.57,1
2022021513,28.4,18,100.35,52.33,1
2022021505,26.8,22,102.87,33.5,1
2022021493,22.2,14,105.86,38.42,1
2022021469,20,13,97.38,40.08,1
2022021463,25.1,25,101.74,37.82,1
2022021429,27,18,102.7,50.62,1
2022021419,21,14,102.43,32.23,1
2022021405,22.3,15,98.61,38.67,1
2022021322,30.7,25,97.85,36.22,1
2022021275,16.8,11,93.62,36.18,1
2022021248,20.4,12,96.47,45.52,1
2022021245,25.4,15,97.23,33.57,1
2022021214,20.5,14,109.49,31.52,1
2022021178,25.1,18,100.15,33.38,1
2022021172,15.5,9,102.31,35.2,1
2022021168,18.9,21,100.44,41.82,1
2022021139,16.3,19,51.98,33.5,1
2022021122,29.7,22,100.21,32.7,1
2022021120,17.6,12,104.8,35.3,1
2022021110,22.2,22,101.76,35.28,1
2022021109,20.2,20,100.63,44.67,1
2022021097,29.8,22,91.48,29.98,1
2022021041,29.7,23,104,43.12,1
2022021002,34.5,21,106.53,40.97,1
2022020987,26.5,18,106.01,55.67,1
2022020966,31.2,27,101.19,41.78,1
2022020955,24.5,17,83.24,33.88,1
2022020928,32.1,26,98.64,38,1
2022020917,16.6,14,101.07,35.33,1
2022020909,23.1,15,99.85,42.32,1
2022020869,20.7,17,101.52,34.35,1
2022020858,20.8,23,100.05,44.05,1
2022020830,31.2,23,102.99,30.9,1
2022020816,14.7,10,99.87,32.42,1
2022020790,31.1,20,99.71,36.9,1
2022020779,19.2,16,109.09,31.33,1
2022020722,25,27,92.03,45,1
2022020692,35.9,21,104.32,45.78,1
2022020686,29.6,27,100.99,34.73,1
2022020633,24.4,23,98.02,43.35,1
2022020596,29.7,22,99.12,31.8,1
2022020592,32.3,24,97.85,45.12,1
2022020584,20.7,14,106.22,41.1,1
2022020542,20.4,20,100.91,42.97,1
2022020538,18.6,13,88.98,44.02,1
2022020535,25.4,24,102.45,36.85,1
2022020531,25.2,24,102.41,32.33,1
2022020530,26.2,17,95.46,36.5,1
2022020521,19.3,13,107.39,32.53,1
2022020501,21.5,15,97.41,43.3,1
2022020497,16.5,17,102.69,33.02,1
2022020469,22,16,101.53,47.68,1
2022020409,28.9,22,87.17,29.75,1
2022020377,14.2,20,93.04,33.35,1
2022020360,28.6,22,79.03,29.25,1
2022020359,25.5,17,46.06,34.55,1
2022020330,24.3,15,104.91,46.03,1
2022020225,27,19,100.06,47.45,1
2022020224,27,19,103.6,39.57,1
2022020172,23.9,20,92.25,31.68,1
2022020094,24.2,16,62.55,40.3,1
2022020015,23.2,22,105.35,35.82,1
2022020011,25.2,23,108.49,35.45,1
2022011856,23.2,22,108.42,33.72,1
2022011802,18.3,19,101.03,37.6,1
2022011711,26.5,18,101.15,53.25,1
2022011709,16.1,10,105.45,35.62,1
2022011685,14.8,9,88.2,34.55,1
2022011659,18.5,13,101.32,33.9,1
2022011642,23.2,22,105.64,40.73,1
2022011603,27.9,17,101.16,29.9,1
2022011599,19.8,13,104.14,37.48,1
2022011569,23.8,23,101.9,37.03,1
2022011543,30.1,19,102.36,34.07,1
2022011539,16.8,12,97.17,32.95,1
2022011537,18.7,13,98.39,37.17,1
2022011523,30.3,23,106.98,52.58,1
2022011494,20.8,14,104.63,34.63,1
2022011436,29.2,19,98.07,34.97,1
2022011435,35.6,23,103.26,48.5,1
2022011416,19.6,13,62.22,40.75,1
2022011387,19.1,14,98.12,36.55,1
2022011330,30.8,24,107.84,32.55,1
2022011257,23.3,16,79.47,52.82,1
2022011249,16.3,11,87.49,36.08,1
2022011231,35.3,23,100.81,48.92,1
2022011229,26.4,18,99.39,52.32,1
2022011216,27,19,99.31,39.75,1
2022011212,16.8,11,98.43,36.15,1
2022011183,26.9,18,98.89,45.9,1
2022011160,28.4,19,102.24,39.98,1
2022011141,16.6,18,103.96,39.47,1
2022011134,30.1,24,107.54,44.72,1
2022011104,18.1,12,105.83,39.68,1
2022011077,24.2,23,108.15,33.3,1
2022011076,15.5,16,87.08,32.2,1
2022011047,25.2,23,101.78,30.83,1
2022011039,23.9,21,100.29,31.38,1
2022010994,27.1,17,103.79,31.78,1
2022010969,19.6,14,98.82,38.52,1
2022010967,36.7,23,97.78,47.77,1
2022010965,26.1,20,106.94,39.32,1
2022010963,29.5,19,100.53,38.8,1
2022010962,25.8,17,101.83,42.47,1
2022010954,22.7,20,107.84,35.43,1
2022010897,25.4,17,108.38,32.62,1
2022010886,24,15,34.01,34.57,1
2022010883,23.3,19,95.16,31.92,1
2022010853,21.6,22,103.49,35.35,1
2022010837,27,18,100.31,32.27,1
2022010814,21.3,22,103.53,33.02,1
2022010789,26.8,16,98.43,35.73,1
2022010785,21.6,15,100.84,37.55,1
2022010780,18.5,12,102.7,34.18,1
2022010778,23.7,17,99.29,36.97,1
2022010760,22.9,18,107.65,39.9,1
2022010719,31.3,22,100.23,42.95,1
2022010702,31.9,20,100.4,40.92,1
2022010680,19.2,13,103.03,38.45,1
2022010653,15.3,12,99.18,32.28,1
2022010634,28,19,102.43,49.05,1
2022010584,24,16,97.36,50.13,1
2022010574,22.3,15,104.32,36.88,1
2022010550,16.1,14,94.64,38.17,1
2022010549,21,14,83.76,45.13,1
2022010533,25.2,19,89.3,39.7,1
2022010530,22.9,17,98.98,33.65,1
2022010522,28.8,18,99.55,32.9,1
2022010457,30.9,20,102.91,46.65,1
2022010435,28.4,18,107.05,45.1,1
2022010411,25.3,17,101.59,41.2,1
2022010400,23.4,15,86.89,40.78,1
2022010396,16.2,12,97.72,38.23,1
2022010380,16.6,18,101.87,35.15,1
2022010379,18.8,13,103.11,36.73,1
2022010370,19,17,97.4,37.35,1
2022010355,31,21,99.81,47.32,1
2022010351,22.5,18,102.77,30.3,1
2022010350,27.5,18,103.89,41.87,1
2022010348,23.1,18,103.79,32.37,1
2022010315,26.8,20,100,39.03,1
2022010302,32.4,28,100.5,34.55,1
2022010301,21.7,17,102.77,32.6,1
2022010293,29.2,26,101.03,39.48,1
2022010261,23.4,16,91.97,51.73,1
2022010226,31.2,21,90.67,31.7,1
2022010220,24.3,17,103.22,46.07,1
2022010218,32.4,22,95.56,37.17,1
2022010196,29,19,103.14,42.12,1
2022010181,34.3,28,96.75,41.17,1
2022010161,29.5,26,92.55,32.6,1
2022010053,30.3,19,88.75,39.1,1
2022010043,30.2,23,89.67,33.52,1
2022010014,26,17,102.32,29.97,1
2021122108,27.8,19,98.77,32.8,1
2021122107,17,12,95.37,39.05,1
2021122095,15.8,14,75.21,32.7,1
2021122059,21.2,18,90.42,38.6,1
2021122049,24.6,16,100.29,34.42,1
2021122047,31.6,19,106.5,34.33,1
2021122040,23.7,15,104.94,34.62,1
2021122024,25,16,98.26,36.32,1
2021121980,33.2,23,102.56,40.62,1
2021121917,23.7,18,96.41,34.1,1
2021121889,29.2,19,87.42,33.87,1
2021121886,28.4,19,91.4,34.7,1
2021121884,26.4,18,90.24,41.82,1
2021121861,24.1,22,105.14,38.15,1
2021121801,15,9,94.78,35.47,1
2021121791,28.2,19,96.57,30.38,1
2021121779,23.2,16,106.72,37.88,1
2021121771,26.6,18,103.42,40.2,1
2021121761,29.2,19,62.24,29.68,1
2021121719,21.1,16,96.07,43.28,1
2021121707,32.4,20,102.69,48.33,1
2021121699,17.7,19,98.69,35.72,1
2021121684,17.8,11,96.56,34.3,1
2021121682,19.2,12,99.35,36.07,1
2021121652,29.8,17,98.53,38.22,1
2021121639,21.4,14,46.55,33.45,1
2021121632,18.5,13,95.89,32.33,1
2021121623,25.7,19,90.58,33.17,1
2021121589,20.4,14,84.92,43.9,1
2021121588,25.2,23,96.99,35.75,1
2021121562,17.3,18,95.98,37.58,1
2021121549,18.8,14,97.96,35.7,1
2021121544,21.2,17,98.88,36.08,1
2021121531,26,15,105.64,36.2,1
2021121513,18.5,15,86.17,37.32,1
2021121499,31,21,106.63,41.82,1
2021121498,31.6,23,92.99,31.75,1
2021121488,29.3,19,104.82,31.12,1
2021121482,27.8,18,85.88,39.17,1
2021121396,28,20,101.87,29.13,1
2021121356,26,17,37.71,41.48,1
2021121348,31.3,18,107.94,50.3,1
2021121302,27,23,96.82,56.8,1
2021121298,17.7,14,109.65,35.27,1
2021121293,29.5,19,106.7,29.75,1
2021121291,22.1,15,105.44,43.65,1
2021121265,35,23,99.81,46,1
2021121264,23.7,15,91.51,37.32,1
2021121243,25.2,18,100.49,39.77,1
2021121230,23.3,16,97.67,31.25,1
2021121204,26.2,21,104.06,31.88,1
2021121186,20.6,13,92.06,49.25,1
2021121156,20.8,13,96.18,40.53,1
2021121134,28.5,18,98.48,47.23,1
2021121111,18.1,12,106.76,38.87,1
2021121104,31.9,29,97.15,38.78,1
2021121100,23.7,17,48.93,36.37,1
2021121074,16.6,17,102.81,31.82,1
2021121059,20,13,103.93,41.45,1
2021120998,18.3,14,100.78,43.02,1
2021120983,31.2,23,96.84,32.72,1
2021120965,21.3,15,99.13,32.62,1
2021120953,20.8,17,100.09,44.22,1
2021120949,27.5,25,101.81,32.65,1
2021120939,30.4,27,103.54,53.72,1
2021120899,29.2,18,100.01,39.55,1
2021120876,18.1,19,97.29,35.72,1
2021120865,32.3,20,66.92,35.05,1
2021120831,23.9,19,84.43,40.13,1
2021120825,15.1,10,92.99,33.42,1
2021120817,17.5,16,107.48,35.72,1
2021120815,29.6,20,71.18,34.08,1
2021120811,32.3,26,93.6,36.32,1
2021120809,29.8,22,102.85,30.23,1
2021120794,31.7,20,109.43,51.65,1
2021120772,27.9,16,108.74,48.18,1
2021120752,19.4,13,103.66,34.32,1
2021120662,33.2,19,104.7,38.57,1
2021120586,16.6,18,98.46,33.25,1
2021120575,29.3,21,104.9,29.73,1
2021120564,28.8,22,97.14,30.78,1
2021120552,32.1,21,98.45,40.02,1
2021120549,21.2,19,103.39,44.15,1
2021120536,28.6,17,106.71,31.4,1
2021120532,28.9,21,98.64,43.63,1
2021120523,30.7,18,106.86,30.18,1
2021120515,18.7,19,89.23,38.6,1
2021120491,28.8,19,93.54,55.93,1
2021120488,20.8,14,102.75,32.28,1
2021120483,24.1,23,101.65,33.03,1
2021120462,25.7,16,82.65,31,1
2021120446,36.7,23,105.21,49.78,1
2021120440,22.3,15,97.05,30.93,1
2021120433,26.5,18,103.04,35.2,1
2021120390,18.6,14,100.68,35.7,1
2021120376,18.9,13,106.64,43.68,1
2021120315,28.5,20,109.66,45.58,1
2021120294,28.6,23,101.26,45.68,1
2021120290,17.8,16,97.69,34.83,1
2021120257,29.8,22,101.25,31.17,1
2021120223,30,23,100.39,40.17,1
2021120213,37.5,22,96.17,49.22,1
2021120212,25.7,16,103.49,40.27,1
2021120160,29.8,17,110.75,29.9,1
2021120131,28,18,95.55,36.15,1
2021120109,26.9,21,96.97,39.78,1
2021120106,19.5,20,96.58,34.45,1
2021120063,24.3,18,99.75,53.13,1
2021120058,15.1,12,97.91,32.42,1
2021120041,31.2,28,98.49,42.33,1
2021120008,24.3,17,102.09,30.82,1
2021111643,17.2,14,87.81,37.27,1
2021111630,23.6,16,103.48,39.95,1
2021111590,28.7,19,27.95,35.4,1
2021111569,18,19,106.69,33.65,1
2021111548,17.8,16,87.47,31.53,1
2021111547,28.5,22,84.54,49.4,1
2021111513,30.6,18,110.14,30.75,1
2021111496,22.2,22,102.11,33.2,1
2021111468,28.8,23,98.27,35.75,1
2021111424,26.8,25,104.33,44.32,1
2021111400,17.3,18,101.47,35.92,1
2021111372,31.3,19,107.08,39,1
2021111370,22.4,26,105.78,31.75,1
2021111304,21.9,14,97.93,46.92,1
2021111302,18.3,13,93.61,38.78,1
2021111280,31.3,20,94.03,41.2,1
2021111268,24.4,14,113.74,32.47,1
2021111253,29.1,18,108.66,29.7,1
2021111188,28.4,23,85.13,29.33,1
2021111164,27.3,20,102.73,44.67,1
2021111155,33.1,20,107.72,43.27,1
2021111150,16,11,103.99,35.3,1
2021111129,32.4,20,100.32,33.97,1
2021111070,26.7,21,99.07,34.95,1
2021111066,18.7,12,95.38,32.15,1
2021111036,31.7,23,102.16,40.73,1
2021111021,18.9,13,109.57,31.33,1
2021110962,17.6,18,100.74,36.17,1
2021110957,21.2,17,95.73,35.9,1
2021110922,21.9,18,98.82,39.1,1
2021110918,21.8,14,95.13,36.18,1
2021110900,32.1,22,90.61,47.15,1
2021110879,20,16,88.24,34.88,1
2021110877,26.9,21,94.35,31.83,1
2021110871,27.6,16,99.49,35.48,1
2021110845,28.1,23,104.47,31.08,1
2021110841,21.1,16,100.03,30.85,1
2021110713,30.5,25,101.57,31.92,1
2021110687,30.2,18,110.17,29.6,1
2021110673,30,20,86.95,38.22,1
2021110670,28.3,23,100.5,31.07,1
2021110656,28.3,19,109.43,42.9,1
2021110581,16.5,18,99.86,35.25,1
2021110538,28.5,19,95.42,36.57,1
2021110525,30.5,20,101.46,36.18,1
2021110485,20.1,13,89.76,32.93,1
2021110484,27,19,100.9,34.72,1
2021110427,31,20,101.6,39.93,1
2021110410,25.4,19,106.89,31.7,1
2021110408,22.9,14,106.72,48.65,1
2021110371,27.1,20,52.76,33.42,1
2021110340,17.1,11,97.34,35.62,1
2021110306,30.1,23,103.01,35.22,1
2021110305,25.2,20,102.69,35.73,1
2021110253,30.6,19,104.58,44.7,1
2021110207,24.1,18,103.85,57.67,1
2021110099,32.6,21,101.08,36,1
2021110097,25,17,95.16,50.15,1
2021110087,26.9,19,97.36,30.58,1
2021110086,35.4,22,103.92,45.02,1
2021110084,22.2,18,104.27,32.83,1
2021110043,18.7,15,99.81,32.9,1
2021110032,25.5,14,108.95,46.98,1
2021110025,36.1,27,104.41,45.27,1
2021110021,28.9,19,106.87,29.07,1
2021110007,17.9,12,102.41,39.93,1
2021110004,18.3,14,95.92,35.67,1
2021110002,28.3,19,105.4,33.9,1
2021101765,28.9,22,86.48,32.08,1
2021101746,17.4,18,105.99,39.4,1
2021101705,28.2,21,99.03,36.92,1
2021101685,18.9,11,93.15,35,1
2021101680,14.8,10,81.08,33.9,1
2021101658,28.3,18,105.89,36.18,1
2021101653,29.3,18,109.39,30.87,1
2021101631,31.8,24,97.05,34.25,1
2021101621,29.2,19,101.31,37.67,1
2021101619,24.4,16,99.59,39.58,1
2021101612,29.2,19,98.56,53.9,1
2021101603,15.3,9,103.79,32.52,1
2021101596,28.5,20,97.36,29.52,1
2021101594,30.2,20,94.98,38.3,1
2021101593,20.8,12,99.35,41.55,1
2021101588,17.9,12,98.59,32.47,1
2021101581,29.4,21,93.01,41.18,1
2021101573,32,21,104.25,37.4,1
2021101558,24.6,16,97.84,41.78,1
2021101541,16.6,14,96.07,31.98,1
2021101530,17.4,16,101.21,33.98,1
2021101527,29.1,18,97.61,33.73,1
2021101511,15.4,12,97.01,32.93,1
2021101507,22.8,15,103.26,36.02,1
2021101504,21.7,17,104.06,38.22,1
2021101407,25.8,17,96.31,39.63,1
2021101366,28.2,19,106.71,32.33,1
2021101285,21.1,22,104.35,36.72,1
2021101268,24,17,110.41,46.03,1
2021101233,14.2,10,85.5,32.88,1
2021101207,17.6,17,97.79,35.98,1
2021101199,28.3,17,97.64,33.6,1
2021101191,23.8,15,101.14,39.27,1
2021101177,20.9,15,102.64,35.72,1
2021101158,23.8,17,91.55,40.57,1
2021101107,24.5,19,103.45,34.18,1
2021101100,28.6,19,90.86,38.32,1
2021101094,22.7,15,88.13,35.5,1
2021101065,22.3,15,97.36,36.12,1
2021101050,27.2,20,98.95,43.7,1
2021101044,18,14,97.3,41.13,1
2021101036,23.1,22,101.21,51.27,1
2021101023,22.5,15,98.42,42.08,1
2021101021,19.8,14,94.3,46.48,1
2021101001,24.2,19,101.9,29.87,1
2021100992,26.2,24,110.09,34.52,1
2021100977,21.8,17,93.31,47.27,1
2021100962,25.5,17,100.01,32.2,1
2021100958,20.6,20,103.23,40.9,1
2021100919,15.8,11,96.19,35.53,1
2021100909,25.1,14,98.46,41.57,1
2021100877,27.6,19,99.35,36.05,1
2021100861,32.9,20,99.22,41.12,1
2021100842,22.8,16,100.01,31.8,1
2021100832,17.6,11,101.03,37.85,1
2021100811,21.1,16,104.22,31.12,1
2021100777,33.3,22,99.3,37.73,1
2021100765,14.5,10,100.95,34.07,1
2021100739,20.6,13,106.69,48.35,1
2021100676,31,22,99.43,30.6,1
2021100644,20.3,14,94.98,43.32,1
2021100605,15.8,11,97.67,34.28,1
2021100597,22.2,14,79.21,33.87,1
2021100586,26.5,17,100.69,41.55,1
2021100570,32,19,99.18,53.47,1
2021100567,22.2,18,97.53,34.03,1
2021100565,23.7,20,99.62,32.98,1
2021100536,29.9,18,102.38,38.5,1
2021100530,23.3,13,109.98,40.82,1
2021100523,31.8,21,107.09,33.77,1
2021100411,28.7,18,104.31,45.32,1
2021100364,29,20,100.1,48.33,1
2021100351,30.5,23,99.45,37.98,1
2021100339,28.8,23,99.68,30.37,1
2021100305,20,13,101.96,38.4,1
2021100252,20.6,20,98.99,31.18,1
2021100236,17.5,13,100.3,36.37,1
2021100234,20.9,14,93.7,44.62,1
2021100209,20.1,20,97.08,42.6,1
2021100203,25.8,18,103.39,31.25,1
2021100153,30,24,106.83,30.18,1
2021100128,17.1,11,93.98,39.8,1
2021100099,17.6,18,98.49,34.38,1
2021100085,18.2,12,105.86,38.45,1
2021100064,35.8,24,98.38,47.57,1
2021100033,21.2,16,93.65,34.48,1
2021100028,21,14,98.33,32.35,1
2021100016,15.3,14,103.15,33.92,1
2021100005,32.8,24,98.58,42.1,1
2021091768,30.3,22,97.24,36.27,1
2021091766,22.5,16,97.21,44.23,1
2021091735,26.6,18,97.17,36.42,1
2021091712,23.5,16,103.46,43.18,1
2021091703,14.5,12,99.34,34.45,1
2021091694,18.3,14,101.36,34.92,1
2021091621,15.8,14,102.33,32.98,1
2021091616,19.2,20,102.25,32.63,1
2021091593,28.5,19,96.6,41.25,1
2021091585,28.1,18,101.84,38,1
2021091549,19.6,20,68.88,31.95,1
2021091483,23.3,16,102.06,38.67,1
2021091474,19.2,13,103.47,33.78,1
2021091452,29,22,84.68,48.1,1
2021091418,23.2,22,96.58,44.35,1
2021091404,32.7,19,106.27,35.1,1
2021091380,31.8,23,94.77,37.52,1
2021091345,21.6,18,100.93,35.88,1
2021091325,17.6,18,95.02,40.62,1
2021091319,15.7,10,99.88,33.12,1
2021091306,28.8,18,104.9,28.8,1
2021091290,23.2,16,99.66,31.78,1
2021091145,35.5,21,73.54,43.17,1
2021091140,29.8,18,104.42,39.82,1
2021091097,28.4,19,105.32,41.25,1
2021091095,24.6,16,106.21,32.88,1
2021091075,21.1,22,104.92,30.95,1
2021091073,28.2,17,108.73,38.27,1
2021091019,26.5,17,101.9,36.18,1
2021090963,22.3,16,94.76,42.08,1
2021090952,29.3,19,88.72,44.55,1
2021090946,28.2,20,106.55,37,1
2021090900,17.9,11,57.11,42.95,1
2021090876,29.5,22,94.14,33.15,1
2021090874,29.4,22,97.69,44,1
2021090869,32.1,23,101.28,40.2,1
2021090858,28.7,18,105.6,34.18,1
2021090810,22.8,15,103.49,33.98,1
2021090756,17.6,18,93.52,40.02,1
2021090721,31.9,24,101.26,33.33,1
2021090720,17.1,15,100.65,41.03,1
2021090691,33.1,21,100.83,41.6,1
2021090682,37.1,23,106.03,46.97,1
2021090650,15.8,11,104.08,36.78,1
2021090597,29.7,22,91.25,52.93,1
2021090592,23.4,14,106.8,37.87,1
2021090591,28.2,17,107.27,33.18,1
2021090580,31,24,103.25,46.22,1
2021090571,30.6,25,108.55,31.88,1
2021090569,28.4,19,103.8,54.78,1
2021090553,17.1,18,100.52,40.85,1
2021090518,16.7,14,92.72,33.95,1
2021090487,25.2,19,105.27,48.33,1
2021090462,24.5,14,106.78,52.23,1
2021090458,27.5,20,100.37,35.23,1
2021090435,31.1,27,101,31.17,1
2021090413,21.6,15,104.33,34.7,1
2021090399,22.2,20,101.86,46.18,1
2021090396,29.1,28,100.53,42.63,1
2021090384,24,17,98.05,54.33,1
2021090364,22,14,100.81,30.78,1
2021090346,19.2,12,106.63,40.77,1
2021090270,27,18,91.99,34.32,1
2021090259,22.3,16,100.37,36.85,1
2021090232,28.4,17,102.36,30.03,1
2021090229,22.5,18,90.67,34.45,1
2021090223,20.1,13,105.41,41.52,1
2021090205,29.4,20,101.28,47.48,1
2021090202,27.2,21,107.36,48.98,1
2021090161,22.1,14,86.43,33.87,1
2021090158,27.7,16,97.2,39.1,1
2021090155,24.4,19,100.53,35.87,1
2021090149,28.1,19,104.35,38.15,1
2021090128,28,22,92.15,29.8,1
2021090126,24.3,17,93.33,42.73,1
2021090121,24.2,14,98.61,30.83,1
2021090113,24.1,23,102.05,49.43,1
2021090110,27.5,18,89.87,48.47,1
2021090106,14.8,10,101.27,33.08,1
2021090102,33.4,22,96.49,40.27,1
2021090081,22.2,22,91.96,43.88,1
2021081964,23.8,19,100.11,40.23,1
2021081963,18.3,19,89.67,32.53,1
2021081954,16.6,10,102.94,37.4,1
2021081903,21.3,17,97.68,41.5,1
2021081896,31.2,19,108.52,33.77,1
2021081894,17.5,13,60.65,41.25,1
2021081869,17.3,12,99.33,31.85,1
2021081832,20.1,13,99.47,35.83,1
2021081813,25.7,16,101.1,45.23,1
2021081812,31.2,23,107.97,30.88,1
2021081791,30.5,24,97.73,30.7,1
2021081788,26.4,18,101.77,31.7,1
2021081752,19.6,20,72.27,38.52,1
2021081737,24.8,19,89.94,32.98,1
2021081731,30.7,18,110.55,29.72,1
2021081684,26.2,15,102.95,31.15,1
2021081669,28,21,100.1,38.85,1
2021081622,22.8,16,97.61,32.15,1
2021081600,28.4,19,102.52,30.02,1
2021081595,27.2,16,105.74,29.52,1
2021081583,30.6,19,99.35,38.98,1
2021081570,32.4,20,90.97,53.48,1
2021081477,19.2,14,101.07,37.8,1
2021081465,23.9,18,92.3,43.18,1
2021081459,27.1,18,99.63,49.48,1
2021081450,19.4,12,107.51,35.45,1
2021081448,27.9,21,103.06,41.5,1
2021081446,33,21,100.33,41.28,1
2021081399,28.6,22,102.22,38.58,1
2021081392,29.9,19,102.97,30.1,1
2021081391,25.2,24,104.87,34.58,1
2021081377,26.9,25,104.13,42.85,1
2021081337,25.1,15,109.52,30.53,1
2021081333,30.2,22,103.32,37.95,1
2021081319,15.3,13,102.41,36.63,1
2021081269,27.3,17,109.37,33.35,1
2021081267,20.8,14,106.27,33.93,1
2021081247,23.5,15,97.92,38.52,1
2021081239,20.9,20,97.24,45.13,1
2021081163,20.9,20,100.54,35.27,1
2021081145,28.7,24,111.95,30.3,1
2021081077,17.7,13,101.44,39.05,1
2021081045,25.6,20,92.12,40.93,1
2021081044,22.5,18,86.82,43.6,1
2021081042,29.6,19,103.05,34.58,1
2021080981,21.1,14,107.58,31.95,1
2021080976,18.6,19,100.12,37.7,1
2021080884,20.9,20,102.14,44.92,1
2021080880,23.2,16,102.41,36.95,1
2021080859,23.8,23,79.86,36.25,1
2021080842,20.1,19,95.67,47.58,1
2021080817,27.1,19,85.84,29.5,1
2021080812,19.6,20,107.45,37.8,1
2021080794,24.5,17,99.26,32.78,1
2021080777,23.1,15,99.87,41.38,1
2021080741,17.9,15,94.66,36.6,1
2021080655,18.5,18,103.09,37.43,1
2021080647,18.7,19,96.02,40.15,1
2021080644,24,21,96.27,35.9,1
2021080635,20.6,14,91.02,32.3,1
2021080621,15.9,11,86.26,35.68,1
2021080615,28.2,20,99.84,32.42,1
2021080602,23.2,22,95.5,40.37,1
2021080595,32.9,21,105.5,35.93,1
2021080544,23.9,15,102.32,33.93,1
2021080519,24.8,23,70.58,29.8,1
2021080427,16.8,18,95.98,37.33,1
2021080421,20.6,13,76.64,40.43,1
2021080410,27.2,20,93.87,37.32,1
2021080393,28.8,16,96.32,32.48,1
2021080386,16.9,10,90.89,34.28,1
2021080376,15.9,10,83.58,34.12,1
2021080360,20.5,12,99.28,43.75,1
2021080355,28.6,17,96.11,41.75,1
2021080311,17.8,15,91.4,42.35,1
2021080310,23.8,23,90.59,30.15,1
2021080286,18.3,14,97.61,39.67,1
2021080259,31.9,27,101.46,39.4,1
2021080254,19.1,13,85.89,36.88,1
2021080253,27.3,18,97.44,47.02,1
2021080233,23.9,19,91.71,31.4,1
2021080225,17.3,18,106.02,33.13,1
2021080192,31.8,24,96.54,35.08,1
2021080179,33.8,26,103.98,46.95,1
2021080130,25.8,24,106.15,55.1,1
2021080109,33.3,23,100.02,44.73,1
2021080104,28.7,19,99.5,36.3,1
2021080082,22.4,22,88.74,36.17,1
2021080078,28.6,22,99.51,33.27,1
2021080032,28.5,20,94.32,33.23,1
2021071759,23.6,19,92.76,31.8,1
2021071756,21.2,21,106.16,46.68,1
2021071730,33.8,21,92.96,38.78,1
2021071723,28.4,18,102.43,40.8,1
2021071714,24.1,23,102.45,32.18,1
2021071672,27.4,20,100.49,36.68,1
2021071664,30.4,20,102.6,29.03,1
2021071662,29.7,18,107.56,31.2,1
2021071654,23.9,22,100.15,37.8,1
2021071649,16.4,12,97.87,32.5,1
2021071647,20,13,99.18,45.68,1
2021071643,22.4,21,102.95,46.37,1
2021071642,31,23,102.07,32,1
2021071637,33.3,25,107.24,37.57,1
2021071626,24.7,16,99.74,32.17,1
2021071609,24.2,22,99.88,37.13,1
2021071601,15.5,23,98.65,37.17,1
2021071591,26.2,22,101.69,30.2,1
2021071584,28.2,19,97.32,37.08,1
2021071567,29.2,18,109.01,32.23,1
2021071559,19.7,13,94.76,40.8,1
2021071543,32,24,99.07,32.72,1
2021071530,21.1,13,102.77,46.83,1
2021071503,19.3,15,99.09,39.17,1
2021071489,16.1,11,94.49,34.2,1
2021071479,34.4,21,107.89,42.4,1
2021071478,14.9,17,102.76,33.75,1
2021071477,23.1,14,104.4,46.95,1
2021071467,18.7,13,104.34,36.32,1
2021071449,18.4,19,92.38,31.7,1
2021071412,30,20,102.91,50.67,1
2021071410,31.9,20,100.68,35.47,1
2021071394,28.5,19,105.34,45.23,1
2021071386,20.1,13,103.48,43.33,1
2021071382,25.1,16,90.08,32.75,1
2021071379,20.1,20,103.46,31.58,1
2021071357,23.2,18,104.3,34.7,1
2021071328,34.8,23,103.87,48.73,1
2021071318,18.9,12,109.28,34.5,1
2021071279,23,15,95.77,40.63,1
2021071268,16.2,18,101.99,38.77,1
2021071215,22.5,14,101.19,41.75,1
2021071207,26.6,24,91.45,29.93,1
2021071180,28.6,22,95.15,29.37,1
2021071164,15.3,12,96.32,35.32,1
2021071160,25.7,20,97.32,37.6,1
2021071130,20.4,12,97.42,38.42,1
2021071105,34.8,22,110.33,44.27,1
2021071101,25.2,21,96.36,41.22,1
2021071092,24,16,102.44,34.42,1
2021071091,20.8,14,107.57,35.27,1
2021071083,28.9,18,95.92,32.77,1
2021071080,30.9,22,95.28,30.13,1
2021071079,20.9,15,95.28,31.52,1
2021071075,28.9,23,100.7,32.9,1
2021071073,19.2,13,94.95,33.15,1
2021071071,15.7,11,91.2,35.57,1
2021071065,31.2,27,103.64,42.43,1
2021071053,25.7,16,94.24,31.47,1
2021071037,19.5,20,106.74,40.72,1
2021071007,20,13,103.19,35.25,1
2021070993,27.3,21,102.5,35.77,1
2021070978,21.2,14,103.41,33.85,1
2021070977,23.2,16,104.58,40.82,1
2021070958,27.5,17,94.1,37.45,1
2021070933,17.5,19,98.05,41.25,1
2021070931,30.8,20,100.13,47.1,1
2021070927,22.5,14,106.94,33.83,1
2021070897,17.5,14,106.22,38.08,1
2021070883,19.2,13,110.28,37.88,1
2021070877,32.1,24,109.4,36.38,1
2021070862,25.5,16,100.88,35.05,1
2021070861,20.8,14,107.64,42.97,1
2021070827,28.5,20,103.06,31.75,1
2021070816,31.9,24,99.17,42.08,1
2021070794,32,20,102.95,40.62,1
2021070791,15.2,12,103,33.18,1
2021070774,24.6,23,98.67,36.27,1
2021070755,23.8,23,94.02,49.7,1
2021070749,26,18,98.32,31.63,1
2021070740,22,15,105.98,32.17,1
2021070735,18.3,14,105.13,42.78,1
2021070730,21,13,104.13,31.9,1
2021070712,16.8,11,101.54,37.2,1
2021070697,19.7,20,103.95,38.57,1
2021070690,21.3,15,98.07,38.9,1
2021070679,30.4,19,104.58,52.05,1
2021070674,23.2,20,96.45,43.45,1
2021070673,21.8,18,94.39,36.03,1
2021070655,25.7,17,98.18,37.25,1
2021070648,15.9,11,99.09,32.55,1
2021070634,17.7,18,95.1,39.33,1
2021070564,18.5,14,106.94,34.92,1
2021070562,28.5,20,103.31,29.02,1
2021070554,19.9,14,107.77,35.05,1
2021070553,34.3,22,105.69,38.6,1
2021070550,22.9,22,109.83,33.05,1
2021070521,34.9,22,105.09,46.15,1
2021070489,29.6,17,105.68,39.35,1
2021070470,27.1,16,105.58,33.48,1
2021070465,30.3,20,99.4,34.98,1
2021070444,21.5,15,103.59,37.77,1
2021070440,20.8,14,106.67,40.3,1
2021070433,22.3,16,101.62,45.82,1
2021070426,17.9,19,104.28,39.22,1
2021070423,14.8,10,102.26,35.48,1
2021070390,28.8,17,108.12,29.2,1
2021070348,19,13,98.14,32.07,1
2021070332,18.1,19,95.93,35.77,1
2021070326,24.6,16,93.57,35.48,1
2021070300,19.5,14,99.57,42.75,1
2021070296,21.9,16,101.76,45.95,1
2021070289,28.9,19,93.21,55.62,1
2021070288,29.8,20,91.89,55.43,1
2021070265,25.5,21,106.54,31.57,1
2021070247,23.2,16,83.1,32.23,1
2021070200,20,13,107.98,33.02,1
2021070197,20.8,17,96.65,40.25,1
2021070194,23.9,22,107.69,36.25,1
2021070159,19.9,20,105.39,35.42,1
2021070140,24.9,23,108.84,31.52,1
2021070135,19.8,14,98.26,34.45,1
2021070115,17.9,20,100.09,36.52,1
2021070100,31.2,19,96.63,34.62,1
2021070080,18.2,19,104.96,37.22,1
2021070047,23.7,16,96.88,30.92,1
2021070026,19.4,15,100.39,42.92,1
2021070023,35.3,32,95.51,43.67,1
2021070005,17.9,12,105.72,34.67,1
2021061603,27.9,17,105.86,52.4,1
2021061602,20.1,12,101.25,45.05,1
2021061596,15,14,94.26,35.83,1
2021061594,23.4,20,99.89,47.95,1
2021061558,28.5,17,96.71,31.35,1
2021061544,25,20,99.73,39.97,1
2021061463,23.2,16,101.09,39.33,1
2021061452,27.9,17,104.25,34.68,1
2021061429,22.4,16,104.07,36.8,1
2021061419,17.5,14,92.15,34.93,1
2021061409,26.6,19,94.09,36.28,1
2021061354,26,18,93.79,49.02,1
2021061343,19.2,13,100.17,32.03,1
2021061337,19,13,107.71,40.47,1
2021061328,20,19,100.8,32.87,1
2021061264,25.4,20,96.71,37.83,1
2021061263,16.3,17,107.22,34.78,1
2021061245,23.2,18,80.42,48.43,1
2021061240,27.8,20,97.94,38.82,1
2021061231,18.8,11,101.78,35.05,1
2021061183,32.3,27,95.36,36.33,1
2021061154,22,13,95.29,33.08,1
2021061088,33.8,21,106.01,51.25,1
2021061084,31.7,21,106.83,44.12,1
2021061076,32.8,25,104.29,34.95,1
2021061062,22.1,19,96.71,30.73,1
2021061040,20.2,17,93.53,36.1,1
2021061038,20.9,17,94.63,33.03,1
2021061036,29.7,19,101.03,31.88,1
2021061018,26,19,100.54,31.83,1
2021061013,15.6,10,93.85,34.87,1
2021061004,17.9,12,99.04,31.78,1
2021060987,24.7,24,95.89,46.15,1
2021060984,20.8,15,101.92,40.83,1
2021060961,30.9,18,110.29,30.1,1
2021060944,21.9,14,101.51,38.95,1
2021060943,23.6,14,100.38,43.6,1
2021060937,18.9,12,98.41,35.15,1
2021060931,30.5,20,98.72,36.3,1
2021060927,19,13,102.09,36.63,1
2021060921,26.3,23,94.69,48.5,1
2021060910,31.1,23,103.47,32.6,1
2021060900,29.2,17,111.62,38.73,1
2021060898,22.2,22,101.86,45.37,1
2021060847,23.1,15,101.56,42.32,1
2021060842,16.1,11,103.79,34.25,1
2021060831,23.1,15,101.65,30.7,1
2021060814,20.5,20,101.36,39.48,1
2021060784,24.5,23,106.9,37.73,1
2021060782,18.3,14,100.43,33.5,1
2021060771,28.2,19,109.06,35.68,1
2021060719,33.8,20,107.56,42.1,1
2021060712,26.8,21,98.01,29.72,1
2021060707,20.5,13,105.4,36.02,1
2021060704,22.2,18,106.34,30.63,1
2021060639,16.9,13,101.87,32.4,1
2021060579,14.8,11,102.03,34.7,1
2021060573,22.3,16,96.94,33.02,1
2021060568,20.1,17,100.73,40.3,1
2021060566,27.6,19,102.22,31.6,1
2021060559,32.8,25,104.67,39.38,1
2021060546,30,18,105.98,48.77,1
2021060526,22.5,15,100.7,34.08,1
2021060525,20.7,16,93.13,47.88,1
2021060523,17.7,18,94.91,36.58,1
2021060520,26.2,19,98.19,30.28,1
2021060511,21.6,12,108.31,38.57,1
2021060489,15.6,10,102.4,33.52,1
2021060487,25.2,25,105.93,57.28,1
2021060458,27,16,107.89,29.65,1
2021060456,31,18,103.37,31.25,1
2021060414,15.3,11,100.9,35.55,1
2021060325,29.7,18,111.25,51.5,1
2021060242,19.3,13,107.61,37.3,1
2021060226,21.6,16,100.77,48.55,1
2021060215,26.5,17,101.23,31.82,1
2021060199,18.3,14,101.35,31.45,1
2021060102,36.7,24,93.16,45.88,1
2021060008,17.7,15,102.85,37.55,1
2021051969,26.9,17,92.64,44.85,1
2021051967,36.2,33,96.75,47.42,1
2021051965,28.2,19,97.64,42.55,1
2021051963,22,15,93.61,44.83,1
2021051939,17.9,12,99.36,34.18,1
2021051937,20.5,18,101.32,36.88,1
2021051868,26.1,16,108.65,42.77,1
2021051849,22.2,16,105.74,30.83,1
2021051737,26.9,17,105.55,33.82,1
2021051732,30,20,99.54,37.47,1
2021051727,31.1,22,94.37,39.02,1
2021051725,24.8,14,101.23,31.6,1
2021051718,26.2,22,104.35,33.23,1
2021051703,16.2,11,106.35,34.67,1
2021051669,31.8,25,101.36,43.3,1
2021051603,18.8,13,104.17,39.07,1
2021051597,25.2,24,106.6,57.95,1
2021051571,29.7,20,105.29,45.73,1
2021051569,17.5,12,98.65,32.08,1
2021051550,28.2,17,99.47,39.07,1
2021051546,20.8,15,98.64,39.83,1
2021051517,26.2,20,103.76,51.88,1
2021051513,23.5,15,102.74,42.4,1
2021051504,24,17,105.78,32.4,1
2021051503,23.2,14,103.82,47.3,1
2021051489,29.7,20,102.47,37.05,1
2021051408,21.7,14,102.96,31.95,1
2021051397,30.2,18,108.75,43.3,1
2021051333,25.6,22,101.09,34.92,1
2021051326,17,13,102.12,34.48,1
2021051316,27.7,19,107.3,37.97,1
2021051284,22.4,14,102.03,39.82,1
2021051281,16.5,12,97.87,32.17,1
2021051226,28.2,18,104.5,31.28,1
2021051225,25.2,17,103.69,45,1
2021051205,33.2,20,99.96,45.75,1
2021051186,23.3,15,103.57,42.12,1
2021051171,31.7,26,100.91,33.72,1
2021051163,29.8,20,104.92,41.45,1
2021051147,23,15,105.06,47.47,1
2021051141,29.2,19,101.77,29.17,1
2021051112,23.2,16,96.55,39,1
2021051072,27.3,18,99.73,47.95,1
2021051067,30.6,21,96.08,48.28,1
2021051056,22.5,14,98.78,50.45,1
2021051054,30.6,19,93.75,38,1
2021051016,29.8,20,106.11,31.4,1
2021051007,14.9,16,106.02,33.47,1
2021051003,22.9,15,105.29,39.23,1
2021050992,22.6,27,102.64,33.67,1
2021050991,28.2,18,105.37,38.33,1
2021050973,23.2,16,105.78,32.02,1
2021050951,17.7,13,105.77,32.25,1
2021050931,21.8,17,103.25,31.73,1
2021050920,17,12,107.97,35.52,1
2021050898,30.6,22,95.18,33.08,1
2021050887,28.8,22,91.87,35.25,1
2021050723,26,24,102.85,46.98,1
2021050680,16.1,10,103.9,34.2,1
2021050620,22.7,13,102.68,52.87,1
2021050616,22.4,16,101.12,41.42,1
2021050607,18,14,101.44,34.75,1
2021050583,28.6,21,100.16,37.97,1
2021050580,17.2,13,99.11,36.57,1
2021050578,26.5,17,106.57,42.68,1
2021050555,28.8,17,111.55,33.45,1
2021050518,25.5,23,104.92,35.13,1
2021050507,22.2,16,109.78,36.63,1
2021050494,17.4,17,94.32,36.43,1
2021050458,15.8,13,95.06,34.15,1
2021050444,29.8,20,104.7,40.77,1
2021050387,16,11,92.4,34.57,1
2021050349,19.5,15,99.67,38,1
2021050344,20.7,15,98.6,30.95,1
2021050331,31.4,21,101.17,38.73,1
2021050329,31.7,20,96.93,43.63,1
2021050308,29.6,18,99.79,29.42,1
2021050289,28.4,18,93.04,34.78,1
2021050236,21.2,14,100.33,35.32,1
2021050229,27.4,17,103.02,36.57,1
2021050222,22.2,16,98.68,48.28,1
2021050219,23.9,15,104.69,39.07,1
2021050213,30.6,21,96.13,35.2,1
2021050212,29,19,110.06,29.67,1
2021050189,23.2,16,103.43,33.97,1
2021050080,20.5,14,95.43,35.3,1
2021050055,26.1,17,102.6,46.57,1
2021050046,19.4,14,96.2,31.68,1
2021050012,28,23,98.5,46.68,1
2021050001,28.2,17,115.9,32.33,1
2021041987,27.5,17,80.36,33.57,1
2021041981,29.8,20,81.36,38.55,1
2021041977,34.9,23,104.43,48.55,1
2021041972,26.8,21,89.78,49.65,1
2021041959,21.4,14,102.25,42.63,1
2021041947,26.1,16,88.38,41.17,1
2021041885,24.7,18,100.63,31.43,1
2021041835,20.4,14,95.47,30.92,1
2021041830,16.4,15,103.91,31.98,1
2021041816,24.6,17,102.36,45.05,1
2021041811,17.2,16,101.66,34.27,1
2021041810,30.2,20,101.87,32.13,1
2021041800,23.9,15,81.63,31.63,1
2021041761,20.3,14,104.58,43.45,1
2021041749,23.9,17,100.57,34.67,1
2021041673,31.8,23,105.13,42.55,1
2021041669,32.1,23,104.54,52.67,1
2021041668,21.6,13,89.73,47.08,1
2021041667,31.6,23,100.81,47,1
2021041623,32.6,19,96.46,39.4,1
2021041588,19,13,101.19,38.08,1
2021041574,20.5,12,75.67,48.62,1
2021041564,30.4,20,96.17,35.28,1
2021041533,21.1,14,99.22,35.38,1
2021041529,18.8,13,109.36,33.33,1
2021041504,30.3,20,96.41,32.53,1
2021041491,27.5,23,103.86,52.67,1
2021041490,29.8,20,99.18,30.12,1
2021041483,22.5,15,92.92,31.18,1
2021041460,16.8,11,101.83,33.02,1
2021041444,29.8,20,91.62,34.77,1
2021041430,24.9,15,105.86,37.58,1
2021041426,24.4,28,99.09,34.07,1
2021041415,28.2,19,99.51,43.98,1
2021041411,33.9,22,104.52,45.72,1
2021041410,33.9,22,104.34,50.23,1
2021041406,23.5,18,92.39,41.98,1
2021041395,28.3,26,97.6,37.62,1
2021041356,24.5,16,105.07,46.48,1
2021041347,25.2,21,97.87,30.87,1
2021041294,24.4,19,94.44,33.02,1
2021041281,31.5,22,96.85,35.8,1
2021041268,20.4,14,109.45,40.55,1
2021041261,35.1,27,104.79,48.02,1
2021041221,26.8,21,82,32.42,1
2021041187,29.5,20,103.4,31.43,1
2021041181,23.5,19,98.08,35.77,1
2021041158,26,18,94.99,53.73,1
2021041151,26.1,19,95.18,40.18,1
2021041147,30.2,20,99.29,32.23,1
2021041143,23.6,15,95.24,50.87,1
2021041129,16.7,11,101.79,33.6,1
2021041128,31.3,24,97.79,31.95,1
2021041107,30.1,22,82.31,28.67,1
2021041098,25.4,21,95.27,31.37,1
2021041047,25.5,16,100.04,42.87,1
2021041041,26.8,21,92.27,39.12,1
2021041033,15.1,9,98.5,33.75,1
2021041028,16.2,11,97.85,36.43,1
2021041020,22.2,21,101.19,34.83,1
2021041004,28.2,19,91.46,32.53,1
2021040972,18.8,13,101.72,41.95,1
2021040971,23.8,18,97.01,47.32,1
2021040970,23.5,21,103.13,37.83,1
2021040961,23.8,20,97.64,46.75,1
2021040951,19.8,13,102.89,35.2,1
2021040948,20.6,15,97.15,32.13,1
2021040937,20.1,13,99.87,34.37,1
2021040927,30.8,22,98.7,36.02,1
2021040922,34.1,22,95.73,38.12,1
2021040921,16.9,14,99.23,36.35,1
2021040914,28.3,24,96.05,37.72,1
2021040910,28.8,25,94.16,29.15,1
2021040895,25.9,15,108.6,41.75,1
2021040880,22.1,15,88.92,42.75,1
2021040862,24.4,19,101.56,31.4,1
2021040832,26.2,16,98.81,51.07,1
2021040792,14.9,16,95.48,34.55,1
2021040746,26.5,18,106.47,44.63,1
2021040697,30.1,19,101.42,35.92,1
2021040686,21.4,15,98.12,37.35,1
2021040660,27.1,17,97.12,54.58,1
2021040641,17.6,23,101.68,34.2,1
2021040640,22.8,15,106.8,42.95,1
2021040638,34.2,20,110.56,51.7,1
2021040631,20.7,13,96.79,40.32,1
2021040622,28.3,18,97.85,29.43,1
2021040598,30.2,20,97.18,36.43,1
2021040588,19.3,13,101.12,43.02,1
2021040583,24,20,100.01,38.85,1
2021040577,17.1,12,94.24,33.23,1
2021040569,30.2,21,101.8,36.47,1
2021040566,17.5,14,98.84,39.45,1
2021040558,28.2,19,101.59,30.85,1
2021040547,25.6,17,90.24,37.82,1
2021040530,23.4,18,88.75,38.48,1
2021040524,26.5,20,91.79,30.83,1
2021040498,23.7,15,101.18,39.32,1
2021040472,14,10,99.15,32.97,1
2021040471,31.4,19,103.76,34.27,1
2021040460,33.3,28,102.63,36.25,1
2021040452,30.9,18,109.1,31.08,1
2021040434,29.5,22,96.97,50.13,1
2021040432,29.3,19,99.72,32.45,1
2021040430,20.8,12,107.22,32.93,1
2021040388,19.6,14,100.54,33.53,1
2021040384,25.3,15,94.28,33.28,1
2021040383,19.6,14,100.41,38.6,1
2021040381,19.5,12,95.15,34.45,1
2021040372,27.4,16,101.15,45.58,1
2021040370,28.8,26,104.04,31.87,1
2021040368,31.1,28,104.52,30.68,1
2021040358,29.7,19,105.4,43.38,1
2021040355,29.2,17,108.79,32.88,1
2021040349,29.1,22,104.78,28.62,1
2021040342,28.7,17,107.78,54.05,1
2021040305,31.9,22,100.9,33.62,1
2021040302,33.2,20,111.03,40.08,1
2021040261,28.7,20,36.06,36.37,1
2021040256,18.8,13,59.93,43.82,1
2021040248,35.2,28,90.68,47.95,1
2021040238,23,20,100.08,37.98,1
2021040205,20,13,106.95,36.17,1
2021040201,21.1,14,105.46,35.88,1
2021040196,31.1,23,100.74,31.82,1
2021040194,33.6,20,103.12,37.15,1
2021040189,33,24,95.09,35.87,1
2021040188,21.1,13,101.82,30.93,1
2021040167,35.8,25,108.95,42.75,1
2021040110,27.4,24,89.3,41.1,1
2021040096,20.8,14,106.77,41.35,1
2021040073,17.1,11,97.92,36.88,1
2021040060,21.8,14,102.99,48.55,1
2021040052,34.1,20,71.97,38.7,1
2021040048,33.9,21,103.03,42.9,1
2021040042,21.8,15,77.8,33.5,1
2021040030,15.3,13,88.08,34.03,1
2021040027,27.3,19,105.98,39.23,1
2021040022,34.2,20,101.96,42.72,1
2021040008,20.6,14,87.63,42.17,1
2021031689,18.1,15,88.74,34.68,1
2021031670,16.6,11,92.97,37.07,1
2021031660,23.7,15,102.8,31,1
2021031640,18.3,12,92.39,36.5,1
2021031626,34.3,21,92.96,51.67,1
2021031618,21.2,17,95.32,38.7,1
2021031601,26.5,19,62.98,34.48,1
2021031595,20.7,14,103.74,33.57,1
2021031581,23.8,16,106.56,46.25,1
2021031574,22.1,15,86.08,36.3,1
2021031559,17.6,12,95.56,34.58,1
2021031546,27.2,16,110.31,30.73,1
2021031533,27.2,19,92.04,40.67,1
2021031513,20.8,17,101,30.75,1
2021031493,28.1,19,104.95,37.98,1
2021031483,24.5,23,99.75,31.98,1
2021031449,25.9,20,100.22,30.37,1
2021031376,30.5,19,103.19,34.57,1
2021031351,23.4,24,109.06,31.53,1
2021031348,24.9,22,96.4,42.68,1
2021031347,26.8,21,93.45,36.53,1
2021031345,29.6,19,97.57,43.12,1
2021031344,28.6,26,101.7,34.48,1
2021031310,34.1,25,100.08,42.2,1
2021031299,22.2,22,100.44,44.83,1
2021031295,26.9,28,85.61,36.27,1
2021031285,23.1,18,70.67,37.02,1
2021031278,31.8,22,94.32,36.7,1
2021031268,20.5,16,96.04,32.08,1
2021031234,17.3,18,99.4,32.47,1
2021031160,32.2,25,98.5,36.52,1
2021031147,21.1,18,96.52,36.45,1
2021031121,25.1,20,98.21,38.02,1
2021031113,16.5,13,94.38,32.2,1
2021031068,29.1,20,95.77,35.63,1
2021031064,30.8,26,98.69,31.33,1
2021031060,29.7,19,103.7,34.35,1
2021030998,26.7,20,96.66,39.75,1
2021030994,24.8,18,87.69,30.65,1
2021030991,20,14,110.17,38.05,1
2021030957,21.1,16,94.57,38.2,1
2021030955,19.2,14,95.04,42.8,1
2021030952,23.5,15,102.14,42.73,1
2021030944,27.8,22,94.5,36.83,1
2021030938,29.5,28,96.82,46.35,1
2021030918,18.1,13,103.81,32.55,1
2021030916,18.3,14,101.27,37.92,1
2021030915,23.5,24,104.1,33.72,1
2021030891,30.2,19,110.73,32.9,1
2021030887,15,11,102.91,35.62,1
2021030884,24.5,17,102.52,31.1,1
2021030875,30.2,22,98.4,30.2,1
2021030860,16.2,12,94.05,33.62,1
2021030858,14,11,97.31,33.37,1
2021030850,30,21,107.75,28.6,1
2021030779,18.8,14,106.04,36.32,1
2021030773,29.2,20,92.54,36.15,1
2021030771,24.5,16,106.8,50.37,1
2021030759,18.3,14,97.8,43.9,1
2021030746,22.1,17,103.3,38.42,1
2021030659,27.3,19,103.85,39.62,1
2021030657,18.9,22,104.69,31.55,1
2021030613,18.3,15,98,41.77,1
2021030607,19.1,14,105.51,31.43,1
2021030596,37,25,102.32,49.23,1
2021030591,17.2,13,94.77,36,1
2021030567,16.4,11,101.51,34.38,1
2021030555,21.3,15,109.19,40.87,1
2021030551,19.3,16,99.39,35.07,1
2021030550,29.8,20,93.16,43.25,1
2021030518,26.8,21,91.83,38.5,1
2021030510,25.9,19,99.35,34.77,1
2021030501,29.6,23,98.24,29.1,1
2021030482,28.7,25,112.03,34.05,1
2021030432,19.4,15,100.71,39,1
2021030406,28.8,20,103.8,48.85,1
2021030389,26.3,22,107.3,45.37,1
2021030386,33.9,24,99.96,40.62,1
2021030364,21.2,17,98.03,43.87,1
2021030325,22,17,96.66,40.9,1
2021030282,25.7,23,109.66,32.32,1
2021030242,25.3,18,100.51,36.55,1
2021030240,19.5,22,104.36,34.27,1
2021030237,24.9,20,95.53,39.93,1
2021030221,29.2,18,109.96,32.93,1
2021030200,15.9,15,100.66,37.45,1
2021030193,28,19,107.4,48.27,1
2021030183,30.1,24,97.3,29.47,1
2021030182,23.2,16,99.62,35.4,1
2021030157,16.1,10,97.29,36.23,1
2021030156,20,19,101.82,41.07,1
2021030144,18.3,14,95.45,40.92,1
2021030127,14.4,16,105.76,33.03,1
2021030122,16.8,12,98.71,35.38,1
2021030119,18.9,16,100.7,42.42,1
2021030117,16.6,23,98.48,32.35,1
2021030112,20.6,20,102.1,41.62,1
2021030107,24.4,20,97.8,42.77,1
2021030091,24.4,24,94.84,43.13,1
2021030082,23.2,18,105.34,40.35,1
2021030066,24.2,29,107.15,50.18,1
2021030064,31.6,20,109.46,33.72,1
2021030013,29.6,19,110.44,29.12,1
2021030003,15.7,12,99.49,32.53,1
2021021750,28.8,20,106.92,48.3,1
2021021744,19.9,15,101.49,42.2,1
2021021731,16.5,11,98.28,33.52,1
2021021703,32.7,33,101.45,38.4,1
2021021682,24.3,22,105.72,34.17,1
2021021680,27.2,19,100.46,31.78,1
2021021654,30.2,22,100.53,37.22,1
2021021649,28.4,20,100.94,44.7,1
2021021641,28.3,23,101.38,29.57,1
2021021630,31.2,21,103.89,40.17,1
2021021615,24.2,18,101.54,42.27,1
2021021611,27.5,21,77.38,44.37,1
2021021599,22.2,17,81.8,31.7,1
2021021582,29.3,21,104.68,41.88,1
2021021574,26.4,19,108.58,41.58,1
2021021559,24.4,25,100.53,36.25,1
2021021550,25.2,15,110.69,44.08,1
2021021546,26.4,17,108.31,32.02,1
2021021540,28.5,18,105.61,40.95,1
2021021471,19.6,14,102.06,32.17,1
2021021457,23.2,16,103.19,50.85,1
2021021430,27.3,16,95.73,55.1,1
2021021419,31.5,21,98.21,39.93,1
2021021406,17.9,11,108.23,40.92,1
2021021389,29.7,18,108.89,38.52,1
2021021378,18.1,12,90.77,31.72,1
2021021375,22,15,92.48,45.62,1
2021021367,14.6,11,97.63,34.53,1
2021021316,30.2,18,110.45,29.35,1
2021021283,28.8,25,92.82,42.07,1
2021021275,24.4,15,83.52,37.97,1
2021021269,22.5,14,76.28,38.52,1
2021021240,30.8,22,100.88,40.7,1
2021021237,29.6,18,109,28.8,1
2021021234,26.4,19,98.99,31.45,1
2021021219,22.8,15,108.48,47.42,1
2021021208,31,18,99.96,32.23,1
2021021198,18.9,13,99.63,42.45,1
2021021160,29.2,17,108.91,33.18,1
2021021126,19.3,12,100.32,36.97,1
2021021123,31.5,20,98.28,46.07,1
2021021113,17.9,15,91.68,33.33,1
2021021105,26.3,17,105.25,32.67,1
2021021103,25,16,104.11,53.67,1
2021021095,21.7,23,103.32,32.02,1
2021021088,23.4,13,109.32,41.17,1
2021021069,29,19,103.7,31.25,1
2021021066,28.2,20,57.69,35.08,1
2021021037,28.6,19,96.23,38.78,1
2021021009,32.4,27,101.95,45.6,1
2021021008,29.9,26,104.54,35.63,1
2021020982,18.6,13,99.31,37.12,1
2021020971,19.8,13,102.04,31.42,1
2021020906,18.1,12,99.37,35.65,1
2021020894,21.6,15,89.13,37.08,1
2021020888,24.4,19,94.76,33.33,1
2021020863,34.1,25,103.23,46.63,1
2021020853,27.9,16,51.95,51.62,1
2021020767,27.8,18,100.54,40,1
2021020721,33.8,25,95.71,44.65,1
2021020718,27.6,18,95.83,47.33,1
2021020711,18.3,16,99.15,31.68,1
2021020647,23.2,16,114,32.57,1
2021020605,18,12,107.33,33.33,1
2021020594,27,18,98.94,31.33,1
2021020552,17.9,12,111.79,32.85,1
2021020547,30.2,27,98.72,29.88,1
2021020535,17.6,12,104.22,37.28,1
2021020517,21.8,14,98.72,36.7,1
2021020506,23.7,15,94.82,36.68,1
2021020502,20.3,14,101.15,36.35,1
2021020497,26.5,16,111.92,30.9,1
2021020487,22.4,15,94.32,38.88,1
2021020473,26.4,16,103.67,36.52,1
2021020435,16.3,23,94.96,34.57,1
2021020419,21.5,14,104.13,43.85,1
2021020382,18.6,12,96.98,40.5,1
2021020346,29.2,17,109.83,38.03,1
2021020321,20.1,15,96.72,39.22,1
2021020318,24.8,17,89.35,42.53,1
2021020301,14.8,10,103.6,34.65,1
2021020285,18.8,13,104.49,41.77,1
2021020259,25.2,17,85.34,29.8,1
2021020253,20.8,14,107.12,40.05,1
2021020223,20.4,20,104.96,43.8,1
2021020204,15.2,10,94.15,33.8,1
2021020146,18,12,101.23,37.67,1
2021020135,31.8,24,98.81,32.45,1
2021020133,29.2,17,107.25,34.02,1
2021020117,19.1,14,98.97,42.25,1
2021020110,29.2,18,97.5,36.03,1
2021020108,25,15,96.66,37.5,1
2021020101,29.4,26,98.26,39.2,1
2021020052,29.4,17,104.53,40.25,1
2021020048,28.2,16,105.57,31.32,1
2021020041,20.6,13,71.3,31.93,1
2021020034,18.4,14,100.86,40.22,1
2021020031,27.4,16,109,32.05,1
2021020011,32.2,20,99.59,49.9,1
2021011719,23.5,14,104.66,31.93,1
2021011697,16.4,12,106.9,38.57,1
2021011692,29.2,17,111.38,29.95,1
2021011691,28.8,21,106.42,34.23,1
2021011681,31.5,20,108.27,37.42,1
2021011648,22.9,15,103.12,32.88,1
2021011631,19.7,13,95.26,44.72,1
2021011627,25.7,20,77.62,45.88,1
2021011614,24.9,16,83.55,36.18,1
2021011568,19.3,12,94.95,33.62,1
2021011567,29.7,20,96.73,36.45,1
2021011560,19.3,20,99.37,37.42,1
2021011559,16.8,10,97.83,38.58,1
2021011558,25.9,17,99.3,29.48,1
2021011555,27.5,17,97.31,39.03,1
2021011536,30.7,19,94.4,30.83,1
2021011526,24,17,88.25,37.47,1
2021011507,22.3,14,102.46,31.1,1
2021011505,19.3,18,88.49,33.4,1
2021011500,22,15,99.74,32.18,1
2021011487,24.1,24,73.94,37.88,1
2021011454,21.5,16,95.52,47.7,1
2021011435,15,13,103.13,35.25,1
2021011427,27.5,24,103.67,40.23,1
2021011410,28.2,17,106.69,35.67,1
2021011408,19.8,16,100.17,35.17,1
2021011400,20.8,20,102.83,33.38,1
2021011374,27.2,16,101.42,30.73,1
2021011373,22.3,15,98.58,42.4,1
2021011311,25,20,99.07,31.77,1
2021011271,28.6,17,106.33,40.03,1
2021011260,20.3,15,89.22,44.68,1
2021011258,27.6,19,96.53,44.22,1
2021011250,25.3,19,99.73,33.87,1
2021011248,20.8,14,105.36,34.05,1
2021011203,26.8,20,96.89,50.15,1
2021011172,28.6,26,100.9,47.02,1
2021011136,18.1,12,104.11,39.13,1
2021011131,20.7,16,103.54,37.17,1
2021011114,18.3,14,94.86,40.25,1
2021011100,15.6,14,102.48,34.08,1
2021011097,23.9,14,108.1,34.6,1
2021011077,28.7,21,101.78,28.73,1
2021011045,17.3,15,98.37,39,1
2021011031,22.5,13,103.65,34.1,1
2021011015,20.4,12,88.9,47.55,1
2021011014,24.4,15,78.53,53.42,1
2021010995,18.7,13,102.53,38.58,1
2021010994,31.5,24,97.22,35.7,1
2021010990,19.7,17,77.62,42.72,1
2021010987,21.1,14,101.74,35.6,1
2021010931,28.8,21,103.11,46.48,1
2021010881,17.5,12,98.51,35.35,1
2021010880,25.6,23,103.43,33.97,1
2021010879,22.7,16,99.28,36.43,1
2021010878,25.2,24,104.02,57.67,1
2021010856,27.3,18,101.6,40.8,1
2021010851,23.3,15,105.19,45.3,1
2021010835,21.1,19,89.15,32.55,1
2021010826,21.3,12,100.62,43.48,1
2021010790,31.7,22,100.01,50.97,1
2021010772,23.9,17,101.42,32.9,1
2021010769,19.1,14,88.31,45.82,1
2021010743,20.9,22,103.93,40.67,1
2021010737,29.8,20,100.71,37.25,1
2021010736,31.1,20,99.45,47.35,1
2021010732,23.4,14,97.75,31.33,1
2021010730,29.8,20,99.94,51.23,1
2021010726,24.8,17,101.68,55.03,1
2021010715,23,19,89.93,45.27,1
2021010702,16,13,101.71,32.32,1
2021010688,27.4,17,102.15,32.32,1
2021010668,28,18,98.03,38.72,1
2021010658,22.5,15,105.24,43.77,1
2021010623,20.3,13,96.84,48.27,1
2021010619,22.9,14,99.59,40.3,1
2021010614,14.5,13,102.15,32.72,1
2021010592,25.5,22,101.65,51.8,1
2021010589,25.6,17,100.4,52.13,1
2021010557,18.4,11,95.32,33.58,1
2021010556,22.4,15,93.05,40.68,1
2021010550,28.4,19,102.5,29.58,1
2021010515,25.5,23,101.82,30.43,1
2021010509,28.7,22,98.43,44.8,1
2021010483,22,13,100.58,40.12,1
2021010478,32,22,101.93,52.25,1
2021010454,26.3,30,100.32,42.93,1
2021010448,28.3,21,104.76,29.6,1
2021010412,24.5,19,99.6,33.05,1
2021010396,29.9,20,97.41,42.85,1
2021010395,23.1,15,101.94,37.77,1
2021010394,29.1,19,101.35,38.88,1
2021010374,20.8,14,104.14,31.6,1
2021010333,15.2,10,85.68,33.1,1
2021010282,14.7,10,98.34,34.3,1
2021010281,24.6,17,94.46,34.73,1
2021010268,23.2,16,101.1,41.92,1
2021010262,29.3,21,96.76,28.57,1
2021010243,15.1,10,104.54,32.5,1
2021010238,30.6,18,106.25,37.73,1
2021010233,25.9,16,97.96,37.57,1
2021010203,30.1,26,93.34,51.82,1
2021010193,14.8,10,105.36,34.33,1
2021010129,24.9,19,106.79,32.57,1
2021010125,16.9,13,103.61,36.97,1
2021010074,20.7,16,103.72,32.4,1
2021010071,25.6,17,102.6,29.68,1
2021010061,29.5,18,115.23,29.13,1
2021010056,27.2,22,94.28,30.93,1
2021010055,22.1,21,78.99,30.9,1
2021010039,23.8,17,87.7,38.77,1
2021010019,26.4,22,101.5,29.53,1
2021010005,18.8,13,109.99,37.4,1
2020122078,19.4,12,102.39,43.83,1
2020122074,24.1,15,99.1,37.77,1
2020122072,27.4,22,97.11,44.5,1
2020122067,20.9,14,98.37,40.38,1
2020122045,28.2,27,101.41,33.77,1
2020122039,26.9,19,99.97,34.15,1
2020122022,31.9,25,108.26,35.03,1
2020121975,24.1,14,93.08,41,1
2020121958,17.8,20,102.21,37,1
2020121942,32,23,93.5,48.1,1
2020121934,29,17,90.56,45.47,1
2020121933,29.4,18,90.78,43.63,1
2020121922,29.3,20,100.58,40.03,1
2020121921,32.4,20,103.78,52.98,1
2020121903,23.4,16,103.22,48.3,1
2020121902,27.4,21,91.63,54.77,1
2020121900,22.6,16,98.2,41.48,1
2020121889,24.6,19,91.11,50.2,1
2020121880,29.2,21,92.86,42.38,1
2020121853,25.8,17,102.28,33.62,1
2020121842,24.6,17,102.29,32.4,1
2020121812,22.2,18,99.71,31.98,1
2020121806,35.5,24,94.58,43.68,1
2020121778,31.1,23,104.24,32.92,1
2020121748,23.5,14,85.7,34.65,1
2020121728,29.4,18,106.23,42.77,1
2020121722,21.8,17,102.23,31.32,1
2020121695,19.6,16,81.21,34.93,1
2020121676,22.6,16,75.43,33.8,1
2020121671,28.5,22,106.44,31.48,1
2020121666,29.2,21,100.15,42.02,1
2020121664,32.3,27,86.25,37.47,1
2020121649,23.2,22,80.71,34.12,1
2020121640,35.4,22,103.58,43.35,1
2020121631,28.4,19,98.49,33.48,1
2020121627,37.4,23,97.89,48.95,1
2020121604,22.2,13,72.24,31.98,1
2020121597,24,15,83.9,33.2,1
2020121595,33.7,28,98.01,51.43,1
2020121563,29.4,18,97.74,38.98,1
2020121562,35.3,22,97.74,43.78,1
2020121560,28.9,18,97.74,45.63,1
2020121556,25.1,19,97.74,40.38,1
2020121542,26.3,23,103.41,49.12,1
2020121534,29.6,18,102.21,33.68,1
2020121532,20,12,102.21,33.98,1
2020121510,31,23,99.67,34.9,1
2020121453,28.7,18,100.57,38.22,1
2020121434,27.2,22,91.47,44.08,1
2020121432,25.6,19,101.94,40.4,1
2020121429,28.6,18,98.6,50.93,1
2020121428,27.6,17,95.42,32.07,1
2020121417,34.5,22,97,45.37,1
2020121406,17,14,99.38,34.33,1
2020121405,17.2,14,99.38,32.27,1
2020121390,34.2,26,94.33,38.73,1
2020121385,30.1,22,105.12,44.67,1
2020121360,27.8,17,104.17,31.18,1
2020121247,33.8,21,97.36,45.85,1
2020121244,26.7,21,98.57,56,1
2020121221,23.6,16,96.23,39.42,1
2020121210,23.5,17,75.98,32.82,1
2020121208,23.6,18,104.73,33.73,1
2020121193,29.4,19,79.66,43.1,1
2020121175,22.3,26,97.99,51.4,1
2020121173,28,26,104.75,47.8,1
2020121169,27.3,16,92.37,52.68,1
2020121158,29.3,18,99.71,33.7,1
2020121147,24.5,22,96.28,30.67,1
2020121111,23.6,15,90.97,30.98,1
2020121086,28.7,21,90.97,41.32,1
2020121058,29.4,18,85.33,30.55,1
2020121048,26.2,19,78.04,40.67,1
2020121042,29.2,18,97.51,50.78,1
2020121041,20,16,98.25,40.03,1
2020121033,33.4,20,100.29,47.33,1
2020121026,31.4,19,81.33,36.18,1
2020121019,29.4,20,82.12,30.2,1
2020121009,30.8,23,93.85,32.55,1
2020121001,23.4,14,90.46,32.62,1
2020120997,26.4,18,104.78,37.78,1
2020120994,31.5,22,90.35,33.72,1
2020120986,32.7,21,95.34,39.92,1
2020120980,32.3,22,90.12,34.03,1
2020120969,30.6,19,95.54,52.45,1
2020120958,23.6,14,95.18,30.18,1
2020120953,20.9,16,106.28,31.27,1
2020120935,16.7,14,68.77,38.07,1
2020120932,17.1,12,93.98,35.33,1
2020120931,18.4,15,93.2,35.47,1
2020120928,28.6,24,104.87,29.87,1
2020120920,30.8,22,88.82,39.3,1
2020120918,27.6,24,101.89,29.68,1
2020120908,33.3,29,75.43,43,1
2020120843,16.3,15,100.88,37.55,1
2020120842,29.6,18,107.19,32.75,1
2020120838,24.8,19,105.67,35,1
2020120772,20.7,14,83.5,33.8,1
2020120764,22.4,13,97.21,33.2,1
2020120756,18.5,15,70.81,39.13,1
2020120745,34.1,21,99.9,39.17,1
2020120744,24.8,23,98.54,34.08,1
2020120734,26.6,19,97.83,32.2,1
2020120724,21.6,16,96.02,33.78,1
2020120701,28.2,18,74.95,32.52,1
2020120696,29,18,88.01,37.42,1
2020120690,32.2,20,100.73,52.15,1
2020120671,27.8,17,101.17,41.33,1
2020120665,32.6,20,99.43,53.05,1
2020120662,22.3,19,90.84,52.92,1
2020120656,32.2,23,99.64,51.05,1
2020120655,31.5,24,93.15,51.77,1
2020120625,25.8,22,94.69,32.78,1
2020120615,25.8,15,81.31,30.43,1
2020120602,31.3,23,85.88,37.22,1
2020120590,30.9,19,84.29,33.93,1
2020120587,33.7,24,65.04,47.47,1
2020120567,19.7,13,94.32,32.12,1
2020120565,17.2,12,88.69,41.13,1
2020120555,23.2,20,72.7,43.18,1
2020120537,23.9,14,93.17,44.28,1
2020120511,28.7,31,102.1,29.4,1
2020120485,29.9,17,97.78,34.57,1
2020120484,35.8,21,95.78,43.6,1
2020120478,25.2,20,90.76,55.15,1
2020120473,24.6,17,98.49,54.23,1
2020120462,30.9,23,96.82,42,1
2020120448,27.7,25,109.44,30.15,1
2020120416,26.5,16,106.76,31.92,1
2020120396,27,21,86.59,49.23,1
2020120372,16.3,12,102.49,32.1,1
2020120367,26.4,21,107.4,37.23,1
2020120365,25.7,22,106.36,32.65,1
2020120364,22.1,13,110.97,32.63,1
2020120356,19.6,16,94.64,36.9,1
2020120349,33.7,21,106.8,41.9,1
2020120323,28.2,17,101.28,42.32,1
2020120313,29.3,27,99.8,33.47,1
2020120296,32.4,24,96.3,42.6,1
2020120266,26.5,17,98.34,34.78,1
2020120242,20.8,14,96.22,36.63,1
2020120236,31.8,22,102.26,35.42,1
2020120233,24.4,15,106.17,33.5,1
2020120232,16.9,21,104.44,32.45,1
2020120215,17.2,12,91.05,36.63,1
2020120204,22.7,16,99.17,48.05,1
2020120201,31.2,23,98.23,40,1
2020120194,28.1,18,93.09,33.87,1
2020120171,30,20,91.33,33.35,1
2020120150,29,17,97.88,32.28,1
2020120119,26.6,18,96.26,46.88,1
2020120116,30.2,22,102.03,52.92,1
2020120105,34.6,22,104.33,46.58,1
2020120101,25.2,20,92.36,36.5,1
2020120090,15.2,14,101.4,33.95,1
2020120086,36.7,22,102.17,45.33,1
2020120064,15.6,11,99.04,35.53,1
2020120051,24.7,21,93.69,39.8,1
2020120039,24.3,21,86.26,43.83,1
2020120034,30.8,21,99.64,48.93,1
2020120033,33.2,22,101.85,39.75,1
2020120021,31.3,20,98.29,53.72,1
2020120020,30,18,107.85,28.57,1
2020120016,24.4,19,101.17,33.88,1
2020120015,17.9,15,103.9,41.07,1
2020120011,20.9,13,98.29,40.97,1
2020120007,16.1,14,91.91,32.18,1
2020120002,29.4,20,96.26,33.02,1
2020111877,16.1,14,91.05,34.35,1
2020111850,32.9,19,105.63,39.93,1
2020111849,28.6,22,95.4,32.67,1
2020111846,24.4,19,97.07,39.28,1
2020111840,25.6,17,98.88,29.93,1
2020111838,29.2,17,106.48,28.92,1
2020111830,30.1,18,108.66,44.12,1
2020111827,26.1,20,106.76,29.67,1
2020111817,30.5,27,105.64,36.77,1
2020111800,25.4,17,49.85,29.87,1
2020111796,14.5,12,92.09,34.75,1
2020111795,30.3,22,95.76,43.08,1
2020111765,29.2,17,110.57,33.67,1
2020111752,27.2,16,109.33,33.35,1
2020111749,24.2,20,102.97,31.23,1
2020111748,22.4,13,86.92,48.5,1
2020111744,28.2,17,106.25,29.1,1
2020111737,18.9,12,94.87,45.17,1
2020111733,27.7,17,100.78,57.22,1
2020111701,28,21,102.86,55.32,1
2020111652,21.3,14,100.64,42.75,1
2020111599,28.2,17,107.6,29.73,1
2020111584,18,16,84.51,31.7,1
2020111567,18.4,16,102.42,36.35,1
2020111564,27.9,17,100.94,34.48,1
2020111563,17.7,17,99.85,32.3,1
2020111542,30.7,20,99.49,43.87,1
2020111534,29,18,98.11,35.17,1
2020111519,23.2,20,88.32,42.62,1
2020111516,31.4,23,106.13,32.37,1
2020111503,20,18,98.14,33.17,1
2020111486,18.7,11,95.79,31.55,1
2020111483,16.7,12,102.44,36.12,1
2020111465,27.3,17,100.04,35.7,1
2020111460,19.9,20,98.08,45.97,1
2020111448,27.4,19,101.11,44.92,1
2020111446,19.3,17,72.26,32.33,1
2020111421,28.2,17,99.34,29.73,1
2020111410,27.4,22,89.02,33.47,1
2020111388,22,14,100.97,30.48,1
2020111359,28.5,21,88.09,36.38,1
2020111330,29.3,18,109.72,29.68,1
2020111316,33.4,19,108.25,46.97,1
2020111313,28.4,17,100.09,36.63,1
2020111303,35.4,22,92.69,43.8,1
2020111299,18.5,14,98.35,32.57,1
2020111298,27.2,17,102.12,49.07,1
2020111297,29.4,22,99.54,34.67,1
2020111293,29.9,18,97.08,32.1,1
2020111285,24.9,20,88.8,40.3,1
2020111283,26.2,16,109.1,54.43,1
2020111276,26.4,16,106.96,40.33,1
2020111270,27.2,20,101.95,32.35,1
2020111259,33.8,25,92.19,38.15,1
2020111247,18.5,20,100.43,32.88,1
2020111244,33.2,19,105.26,37.1,1
2020111203,26,16,102.27,34.25,1
2020111195,25.8,15,98.74,32.68,1
2020111189,23.3,20,83.58,33.47,1
2020111180,31.5,29,102.86,38.77,1
2020111145,21.6,13,98.61,36.18,1
2020111143,29.5,19,102.64,33.33,1
2020111123,17.4,11,101.79,34.25,1
2020111093,19.7,14,95.77,46.35,1
2020111069,26.7,15,103.58,40.35,1
2020111058,28.8,18,100.78,33.48,1
2020111053,19.2,20,101.81,33.5,1
2020111041,18.9,21,97.15,32.85,1
2020111038,19.5,15,94.68,32.13,1
2020111026,21.4,13,99.57,35.88,1
2020111017,25.4,22,98.62,45.28,1
2020110956,29.4,20,105.59,34.43,1
2020110951,29.4,20,107.97,37.3,1
2020110948,24.4,15,100.9,33.97,1
2020110888,26.9,17,104.85,30.83,1
2020110836,27.2,16,94,33.2,1
2020110829,34.6,26,99.85,48.2,1
2020110799,22.1,14,92.6,34.87,1
2020110781,16.9,12,98.14,40.18,1
2020110758,26.6,18,98.24,29.35,1
2020110741,25.1,21,102.6,57.93,1
2020110739,26,21,96.93,48.48,1
2020110736,29.6,18,86.4,42.65,1
2020110657,19.2,13,98.93,37.83,1
2020110645,22.3,18,94.91,52.4,1
2020110644,25.9,23,102.31,39.88,1
2020110577,19.1,13,105.17,37.65,1
2020110574,30.9,27,108.82,37.98,1
2020110572,23.6,21,97.19,32.5,1
2020110561,23.4,14,86.79,33.62,1
2020110557,19.1,12,97.93,33.42,1
2020110544,28.7,19,103.98,31.8,1
2020110542,19.2,12,101.99,35.55,1
2020110537,20.6,22,102.17,40.35,1
2020110523,23.2,18,102.23,33.68,1
2020110522,19.8,13,96.83,35.62,1
2020110521,18,16,96.56,33.22,1
2020110514,30.6,19,88.79,34.65,1
2020110502,29.8,18,104.7,42.93,1
2020110494,16.4,14,92.65,34.63,1
2020110463,26.2,16,113.21,33,1
2020110438,21.7,13,84.83,38.32,1
2020110427,25.3,16,103.88,47.05,1
2020110422,32.5,21,103.78,43.07,1
2020110417,17.5,18,104.15,38.88,1
2020110412,21.9,22,98.24,51,1
2020110405,25.2,16,86.9,39.3,1
2020110398,18.3,13,93.09,35.9,1
2020110397,32.1,26,73.13,40.63,1
2020110382,28.4,19,101.8,54.73,1
2020110381,22.4,13,98.82,31.8,1
2020110360,20.6,14,96.69,39.5,1
2020110357,25.8,22,99.8,44.8,1
2020110328,28.3,19,100.15,52.4,1
2020110326,24.4,16,96.45,40.42,1
2020110311,32.9,21,98.88,49.87,1
2020110301,18.7,12,94.88,43.38,1
2020110262,22.3,17,91.86,53.35,1
2020110253,35.1,21,106.57,49.5,1
2020110243,22.5,17,101.5,37.75,1
2020110240,25.4,20,101.2,51.75,1
2020110221,28.8,21,101.59,30.1,1
2020110208,32.2,21,91.93,33.73,1
2020110206,20.6,15,94.53,49.4,1
2020110182,18.9,12,100.9,36.95,1
2020110169,21.3,16,97.28,39.43,1
2020110152,31.4,27,99.68,52.87,1
2020110114,27.3,17,91.16,31.32,1
2020110090,30.3,22,95.84,32.38,1
2020110079,24.5,21,100.7,31.45,1
2020110042,22.4,16,62.26,30.6,1
2020102099,35.8,22,99.34,42.32,1
2020102073,27.5,20,60.29,34.6,1
2020102068,33.5,19,92.6,38.42,1
2020102041,28.6,20,86.59,38.3,1
2020102032,29.3,18,68.74,30.28,1
2020102030,32.5,24,43.3,47.92,1
2020102010,18.3,18,95.05,35.9,1
2020101993,20.2,12,95.84,44.97,1
2020101990,33.6,20,95.18,48.93,1
2020101976,34.2,22,96.3,44.7,1
2020101970,30.9,22,96.34,37.1,1
2020101950,20.9,18,80.58,31.15,1
2020101943,20.2,16,102.25,43.3,1
2020101934,29.4,26,84.46,54.58,1
2020101928,23.2,20,60.42,31,1
2020101916,19.4,14,98.72,35.12,1
2020101882,28.2,21,98.63,44.02,1
2020101878,20,13,87.32,31.8,1
2020101850,23.3,20,96.18,30.53,1
2020101849,23.8,16,104.9,34.95,1
2020101843,31.4,28,97.94,31.33,1
2020101840,24.5,18,88.57,30.48,1
2020101810,30.6,18,99.71,34.57,1
2020101808,28.4,18,93.47,54.85,1
2020101774,20,12,82.78,35.72,1
2020101768,18.3,11,101.85,41.22,1
2020101764,26.4,16,68.91,30.73,1
2020101708,29.4,18,106.4,46.57,1
2020101691,19,16,85.5,33.83,1
2020101689,26.6,20,102.26,31.2,1
2020101671,28.8,21,79.01,47.5,1
2020101647,27.4,17,81.99,36.12,1
2020101641,19.8,15,91.84,45.52,1
2020101629,30.7,18,107.99,34.93,1
2020101626,22.6,15,98.56,30.27,1
2020101606,23.4,14,80.31,37.45,1
2020101604,29.8,23,90.88,42.87,1
2020101600,28.3,20,91.9,39.05,1
2020101592,26.8,19,99.86,49.6,1
2020101585,18.2,13,92.37,37.93,1
2020101573,29.4,19,92.44,49.6,1
2020101571,21.9,25,62.08,36.25,1
2020101540,28.8,22,99.69,30.08,1
2020101538,20.8,14,103.21,48.97,1
2020101537,22.7,20,93.5,50.63,1
2020101533,29.5,19,81.62,29.68,1
2020101519,28.4,17,98.36,33.17,1
2020101512,27.8,21,82.04,44.93,1
2020101493,30.2,23,87.35,28.75,1
2020101489,20.1,14,95.33,46.78,1
2020101447,32.4,20,100.48,50.88,1
2020101439,17.3,15,97.9,38.17,1
2020101436,17.3,15,100.08,34.68,1
2020101433,21.1,14,90.13,35.63,1
2020101421,31.1,21,102.45,47.82,1
2020101401,30.6,20,101.55,31.32,1
2020101383,22.6,19,96.3,49.4,1
2020101379,33.1,22,75.08,35.78,1
2020101371,25.7,24,94.78,32.23,1
2020101325,26.5,18,75.28,42.5,1
2020101323,23.4,18,97.01,30.8,1
2020101290,26.5,16,107.42,31.6,1
2020101281,19.4,13,98.78,40.07,1
2020101277,31.6,19,102.99,50.63,1
2020101257,35.7,23,53.02,48.03,1
2020101252,31.7,21,51.03,51.98,1
2020101241,27.2,16,106.92,30.58,1
2020101238,19.6,14,66.58,36.27,1
2020101207,33.2,24,109.43,41.13,1
2020101203,27.7,17,105.84,35.15,1
2020101193,33.8,22,75.23,49.95,1
2020101160,21.5,24,99.13,48.27,1
2020101156,19.6,16,48.13,37.23,1
2020101140,34.4,24,100.77,43.08,1
2020101139,29.2,21,102.29,39.78,1
2020101136,28.6,21,105.12,55.38,1
2020101124,21.9,14,105.48,30.73,1
2020101100,27.6,21,85.34,39.65,1
2020101071,31.6,19,103.28,38.7,1
2020100964,15.6,19,97.34,36.77,1
2020100888,20.8,14,104.55,45.02,1
2020100878,26.2,17,104.25,30.77,1
2020100845,29.2,18,99.15,51.73,1
2020100737,31.6,21,98.8,43.97,1
2020100555,28.9,26,86.53,47.8,1
2020100550,22.6,14,76.73,49.03,1
2020100449,30.8,19,69.54,53.85,1
2020100445,28.6,20,75.22,34.4,1
2020100439,29.8,18,79.74,53.28,1
2020100261,30.5,19,101.42,32.52,1
2020100237,17.8,15,105.7,38.62,1
2020100117,20.3,16,90.41,39.02,1
2020100111,20.9,18,99.14,36.57,1
2020100092,30.5,23,89.96,41,1
2020100003,28.5,21,64.97,37.6,1
2020100001,35.4,21,86.6,44.28,1
